{"OBJ": 93.9495686684506, "Solving_time": 21600.25200009346, "Routes": {"Watergeus": [["S31", "S54"], ["S32", "S41"], ["S34", "S36"], ["S36", "S57"], ["S41", "S43"], ["S42", "S44"], ["S43", "S49"], ["S44", "S34"], ["S45", "S46"], ["S46", "S31"], ["S48", "S32"], ["S49", "EDP1"], ["S54", "S55"], ["S55", "S48"], ["S57", "S45"], ["SDP1", "S42"]], "Waterbuffel": [["S11", "S15"], ["S14", "S21"], ["S15", "S20"], ["S16", "S23"], ["S17", "S40"], ["S18", "S17"], ["S20", "S33"], ["S21", "S22"], ["S22", "S18"], ["S23", "S14"], ["S28", "S53"], ["S33", "S16"], ["S39", "S28"], ["S40", "EDP2"], ["S53", "S11"], ["SDP2", "S39"]], "Waterval": [["S5", "S8"], ["S6", "S12"], ["S7", "EDP2"], ["S8", "S19"], ["S9", "S10"], ["S10", "S6"], ["S12", "S5"], ["S19", "S7"], ["S26", "S9"], ["S30", "S38"], ["S38", "S26"], ["SDP2", "S30"]], "Waterman": [["S1", "S2"], ["S2", "S13"], ["S3", "S25"], ["S4", "S37"], ["S13", "SP2"], ["S24", "S35"], ["S25", "S47"], ["S27", "S51"], ["S29", "S4"], ["S35", "S1"], ["S37", "S24"], ["S47", "S27"], ["S50", "EDP2"], ["S51", "S29"], ["S52", "S50"], ["S56", "S59"], ["S58", "S3"], ["S59", "S52"], ["SDP2", "S58"], ["SP2", "S56"]]}, "Flow": {"Watergeus": [["S31", "S54", 60.99999999997759], ["S32", "S41", 36.99999999996813], ["S34", "S36", 85.99999999999396], ["S36", "S57", 79.9999999999934], ["S41", "S43", 31.000000003450054], ["S42", "S44", 97.99999999999872], ["S43", "S49", 25.000000003450054], ["S44", "S34", 91.9999999999984], ["S45", "S46", 67.99999999998455], ["S46", "S31", 61.99999999998046], ["S48", "S32", 42.99999999996929], ["S49", "EDP1", 21.000000003450054], ["S54", "S55", 54.99999999997462], ["S55", "S48", 48.99999999997085], ["S57", "S45", 73.99999999998755], ["SDP1", "S42", 103.0]], "Waterbuffel": [["S11", "S15", 79.00000000000625], ["S14", "S21", 42.99999999999284], ["S15", "S20", 73.00000000000752], ["S16", "S23", 54.999999999997414], ["S17", "S40", 20.999999999970974], ["S18", "S17", 26.99999999997693], ["S20", "S33", 67.0], ["S21", "S22", 38.99999999998801], ["S22", "S18", 32.999999999983935], ["S23", "S14", 48.999999999996014], ["S28", "S53", 91.00000000000158], ["S33", "S16", 60.99999999999877], ["S39", "S28", 97.00000000000094], ["S40", "EDP2", 14.99999999996681], ["S53", "S11", 85.00000000000304], ["SDP2", "S39", 103.0]], "Waterval": [["S5", "S8", 35.0], ["S6", "S12", 47.0], ["S7", "EDP2", 17.0], ["S8", "S19", 29.0], ["S9", "S10", 59.0], ["S10", "S6", 53.0], ["S12", "S5", 41.0], ["S19", "S7", 23.0], ["S26", "S9", 65.0000000000013], ["S30", "S38", 77.0], ["S38", "S26", 71.0000000000013], ["SDP2", "S30", 83.0]], "Waterman": [["S1", "S2", 20.99995757133196], ["S2", "S13", 14.999957571331962], ["S3", "S25", 71.99995757132598], ["S4", "S37", 37.99995757133196], ["S13", "SP2", 8.999957571331962], ["S24", "S35", 29.99995757133196], ["S25", "S47", 65.99995757132598], ["S27", "S51", 54.999957571325986], ["S29", "S4", 43.999957571325524], ["S35", "S1", 25.99995757133196], ["S37", "S24", 34.99995757133196], ["S47", "S27", 60.999957571325986], ["S50", "EDP2", 61.999992899310605], ["S51", "S29", 48.99995757132293], ["S52", "S50", 67.00000000000009], ["S56", "S59", 79.00000000000009], ["S58", "S3", 77.99995757132598], ["S59", "S52", 73.00000000000009], ["SDP2", "S58", 82.9999504726365], ["SP2", "S56", 83.0]]}, "Ordered_routes": {"Watergeus": ["SDP1", "S42", "S44", "S34", "S36", "S57", "S45", "S46", "S31", "S54", "S55", "S48", "S32", "S41", "S43", "S49", "EDP1"], "Waterbuffel": ["SDP2", "S39", "S28", "S53", "S11", "S15", "S20", "S33", "S16", "S23", "S14", "S21", "S22", "S18", "S17", "S40", "EDP2"], "Waterval": ["SDP2", "S30", "S38", "S26", "S9", "S10", "S6", "S12", "S5", "S8", "S19", "S7", "EDP2"], "Waterman": ["SDP2", "S58", "S3", "S25", "S47", "S27", "S51", "S29", "S4", "S37", "S24", "S35", "S1", "S2", "S13", "SP2", "S56", "S59", "S52", "S50", "EDP2"]}, "Ordered_flow": {"Watergeus": [103, 97, 91, 85, 79, 73, 67, 61, 60, 54, 48, 42, 36, 31, 25, 21], "Waterbuffel": [103, 97, 91, 85, 79, 73, 67, 60, 54, 48, 42, 38, 32, 26, 20, 14], "Waterval": [83, 77, 71, 65, 59, 53, 47, 41, 35, 29, 23, 17], "Waterman": [82, 77, 71, 65, 60, 54, 48, 43, 37, 34, 29, 25, 20, 14, 8, 83, 79, 73, 67, 61]}, "Ordered_AIS": {"Watergeus": [[51.96249648967369, 4.137689887873459], [51.95906, 4.14356], [51.95555, 4.15014], [51.94053, 4.17114], [51.92115, 4.21802], [51.9635, 4.02797], [51.98115, 3.9996], [51.97628, 4.02729], [51.9752, 4.0265], [51.97512, 4.02683], [51.96941, 4.03447], [51.96864, 4.03771], [51.96802, 4.04033], [51.96745, 4.04293], [51.96681, 4.04308], [51.97294, 4.13193], [51.96249648967369, 4.137689887873459]], "Waterbuffel": [[51.89740273617377, 4.460817447562738], [51.89118, 4.44935], [51.89233, 4.44704], [51.89646, 4.42614], [51.91152, 4.41806], [51.89231, 4.40288], [51.87779, 4.42439], [51.88056, 4.4369], [51.87956, 4.44474], [51.87943, 4.44537], [51.88139, 4.44899], [51.88477, 4.45612], [51.88544, 4.45559], [51.88669, 4.45242], [51.88633, 4.4501], [51.88818, 4.45285], [51.89740273617377, 4.460817447562738]], "Waterval": [[51.89740273617377, 4.460817447562738], [51.91332, 4.48647], [51.90282, 4.56829], [51.90076, 4.49324], [51.89779, 4.48862], [51.89924, 4.48659], [51.89851, 4.48341], [51.89801, 4.48236], [51.89713, 4.48136], [51.89678, 4.48114], [51.8967, 4.47967], [51.89449, 4.47617], [51.89740273617377, 4.460817447562738]], "Waterman": [[51.89740273617377, 4.460817447562738], [51.8714, 4.31155], [51.87299, 4.31066], [51.87687, 4.31137], [51.87881, 4.30975], [51.87944, 4.30965], [51.87512, 4.27326], [51.8758, 4.27338], [51.88255, 4.27851], [51.88419, 4.27355], [51.89119, 4.2737], [51.89119, 4.2737], [51.89119, 4.2737], [51.88442, 4.29141], [51.88449, 4.29192], [51.889365439900516, 4.313357332833194], [51.8899, 4.31579], [51.88985, 4.31605], [51.88816, 4.31781], [51.88815, 4.36907], [51.89740273617377, 4.460817447562738]]}}