{"OBJ": 108.60361972979342, "Solving_time": 14400.328000068665, "Routes": {"Watergeus": [["S6", "S43"], ["S7", "S24"], ["S10", "S7"], ["S12", "EDP2"], ["S14", "S16"], ["S15", "S27"], ["S16", "S18"], ["S18", "S15"], ["S24", "S12"], ["S25", "S40"], ["S27", "S10"], ["S40", "S44"], ["S41", "S25"], ["S42", "S6"], ["S43", "S14"], ["S44", "S42"], ["SDP2", "S41"]], "Waterbuffel": [["S1", "S34"], ["S2", "EDP1"], ["S13", "S33"], ["S21", "S13"], ["S29", "S37"], ["S30", "S29"], ["S33", "S30"], ["S34", "S21"], ["S37", "S2"], ["SDP1", "S1"]], "Waterval": [["S26", "S31"], ["S28", "S32"], ["S31", "S38"], ["S32", "S39"], ["S35", "S28"], ["S36", "S26"], ["S38", "S35"], ["S39", "EDP2"], ["SDP2", "S36"]], "Waterman": [["S3", "S20"], ["S4", "S3"], ["S5", "S17"], ["S8", "S22"], ["S9", "S5"], ["S11", "S8"], ["S17", "S23"], ["S19", "S45"], ["S20", "S9"], ["S22", "S19"], ["S23", "S11"], ["S45", "EDP2"], ["SDP2", "S4"]]}, "Flow": {"Watergeus": [["S6", "S43", 78.0], ["S7", "S24", 37.00000000078931], ["S10", "S7", 39.00000000078931], ["S12", "EDP2", 29.000000000789314], ["S14", "S16", 69.00000000078931], ["S15", "S27", 51.00000000078931], ["S16", "S18", 63.0], ["S18", "S15", 57.00000000078931], ["S24", "S12", 31.000000000789314], ["S25", "S40", 96.9999999240817], ["S27", "S10", 45.00000000078931], ["S40", "S44", 93.00000000156533], ["S41", "S25", 98.99999992251638], ["S42", "S6", 82.99999999915799], ["S43", "S14", 75.00000000078931], ["S44", "S42", 87.00000000156533], ["SDP2", "S41", 103.0]], "Waterbuffel": [["S1", "S34", 97.0], ["S2", "EDP1", 40.0], ["S13", "S33", 89.0], ["S21", "S13", 90.0], ["S29", "S37", 51.99999999999998], ["S30", "S29", 53.00000000000002], ["S33", "S30", 85.00000000000003], ["S34", "S21", 91.0], ["S37", "S2", 46.0], ["SDP1", "S1", 103.0]], "Waterval": [["S26", "S31", 61.00000000161802], ["S28", "S32", 41.00000000161802], ["S31", "S38", 57.00000000161802], ["S32", "S39", 36.00000000161802], ["S35", "S28", 47.00000000161802], ["S36", "S26", 66.00000000240733], ["S38", "S35", 52.00000000161802], ["S39", "EDP2", 30.00000000161802], ["SDP2", "S36", 83.0]], "Waterman": [["S3", "S20", 56.99999999530402], ["S4", "S3", 76.99999999530402], ["S5", "S17", 43.999999935038986], ["S8", "S22", 19.999999935038986], ["S9", "S5", 44.99999987007797], ["S11", "S8", 25.999999935038986], ["S17", "S23", 37.999999935038986], ["S19", "S45", 7.999999935038986], ["S20", "S9", 50.99999993034301], ["S22", "S19", 13.999999935038986], ["S23", "S11", 31.999999935038986], ["S45", "EDP2", 4.999999998434674], ["SDP2", "S4", 82.99999993511963]]}, "Ordered_routes": {"Watergeus": ["SDP2", "S41", "S25", "S40", "S44", "S42", "S6", "S43", "S14", "S16", "S18", "S15", "S27", "S10", "S7", "S24", "S12", "EDP2"], "Waterbuffel": ["SDP1", "S1", "S34", "S21", "S13", "S33", "S30", "S29", "S37", "S2", "EDP1"], "Waterval": ["SDP2", "S36", "S26", "S31", "S38", "S35", "S28", "S32", "S39", "EDP2"], "Waterman": ["SDP2", "S4", "S3", "S20", "S9", "S5", "S17", "S23", "S11", "S8", "S22", "S19", "S45", "EDP2"]}, "Ordered_flow": {"Watergeus": [103, 98, 96, 93, 87, 82, 78, 75, 69, 63, 57, 51, 45, 39, 37, 31, 29], "Waterbuffel": [103, 97, 91, 90, 89, 85, 53, 51, 46, 40], "Waterval": [83, 66, 61, 57, 52, 47, 41, 36, 30], "Waterman": [82, 76, 56, 50, 44, 43, 37, 31, 25, 19, 13, 7, 4]}, "Ordered_AIS": {"Watergeus": [[51.89740273617377, 4.460817447562738], [51.89914, 4.48563], [51.88544, 4.45558], [51.88669, 4.45242], [51.88671, 4.44823], [51.87994, 4.44608], [51.88282, 4.42676], [51.87992, 4.39942], [51.89119, 4.36704], [51.89119, 4.36704], [51.89, 4.34454], [51.88797, 4.31826], [51.88991, 4.31579], [51.89455, 4.3682], [51.89447, 4.36826], [51.89222, 4.4033], [51.89396, 4.41661], [51.89740273617377, 4.460817447562738]], "Waterbuffel": [[51.96249648967369, 4.137689887873459], [51.95072, 3.9899], [51.95726, 4.01303], [51.9574, 4.01285], [51.9574, 4.01285], [51.9574, 4.01285], [51.9574, 4.01285], [51.9574, 4.01285], [51.95829, 4.01365], [51.9673, 4.04117], [51.96249648967369, 4.137689887873459]], "Waterval": [[51.89740273617377, 4.460817447562738], [51.91176, 4.42314], [51.91138, 4.41788], [51.91018, 4.41409], [51.91006, 4.41418], [51.90856, 4.41815], [51.90823, 4.41781], [51.90685, 4.4189], [51.90615, 4.41835], [51.89740273617377, 4.460817447562738]], "Waterman": [[51.89740273617377, 4.460817447562738], [51.95708, 4.14709], [51.96316, 4.0943], [51.92144, 4.20237], [51.89465, 4.23658], [51.89398, 4.24107], [51.88571, 4.27932], [51.88543, 4.28021], [51.88485, 4.29202], [51.88459, 4.29204], [51.87819, 4.29305], [51.88089, 4.30959], [51.89233, 4.44704], [51.89740273617377, 4.460817447562738]]}}