{"OBJ": 96.86907512559466, "Solving_time": 21600.3789999485, "Routes": {"Watergeus": [["S3", "S36"], ["S4", "S3"], ["S8", "S30"], ["S15", "S32"], ["S18", "S39"], ["S20", "S15"], ["S23", "S33"], ["S27", "S23"], ["S30", "S4"], ["S32", "S35"], ["S33", "S34"], ["S34", "SP2"], ["S35", "S8"], ["S36", "S38"], ["S38", "S27"], ["S39", "S44"], ["S41", "S18"], ["S44", "EDP2"], ["SDP2", "S20"], ["SP2", "S41"]], "Waterbuffel": [["S5", "S51"], ["S12", "S14"], ["S13", "S22"], ["S14", "S53"], ["S19", "S13"], ["S21", "S19"], ["S22", "S29"], ["S25", "S21"], ["S29", "S5"], ["S42", "EDP2"], ["S45", "S25"], ["S51", "S52"], ["S52", "S42"], ["S53", "S45"], ["SDP2", "S12"]], "Waterval": [["S10", "S46"], ["S16", "S54"], ["S24", "S16"], ["S28", "S47"], ["S46", "S24"], ["S47", "EDP2"], ["S48", "S10"], ["S49", "S28"], ["S54", "S49"], ["SDP2", "S48"]], "Waterman": [["S1", "S9"], ["S2", "S7"], ["S6", "S17"], ["S7", "S40"], ["S9", "S43"], ["S11", "S50"], ["S17", "S26"], ["S26", "EDP1"], ["S31", "SP1"], ["S37", "S1"], ["S40", "S37"], ["S43", "S31"], ["S50", "S6"], ["SDP1", "S2"], ["SP1", "S11"]]}, "Flow": {"Watergeus": [["S3", "S36", 37.0], ["S4", "S3", 44.0], ["S8", "S30", 62.0], ["S15", "S32", 80.0], ["S18", "S39", 91.99999999849629], ["S20", "S15", 91.0], ["S23", "S33", 13.0], ["S27", "S23", 19.0], ["S30", "S4", 50.0], ["S32", "S35", 74.0], ["S33", "S34", 9.0], ["S34", "SP2", 3.0], ["S35", "S8", 68.0], ["S36", "S38", 31.0], ["S38", "S27", 25.0], ["S39", "S44", 90.00000000367604], ["S41", "S18", 96.99999999992413], ["S44", "EDP2", 86.00000000367604], ["SDP2", "S20", 103.0], ["SP2", "S41", 103.0]], "Waterbuffel": [["S5", "S51", 23.0], ["S12", "S14", 86.0], ["S13", "S22", 48.0], ["S14", "S53", 80.0], ["S19", "S13", 51.0], ["S21", "S19", 57.0], ["S22", "S29", 36.0], ["S25", "S21", 63.0], ["S29", "S5", 26.0], ["S42", "EDP2", 11.0], ["S45", "S25", 69.0], ["S51", "S52", 17.0], ["S52", "S42", 13.0], ["S53", "S45", 74.0], ["SDP2", "S12", 103.0]], "Waterval": [["S10", "S46", 67.0], ["S16", "S54", 45.99999999482026], ["S24", "S16", 55.99999999482026], ["S28", "S47", 22.999999994820257], ["S46", "S24", 62.0], ["S47", "EDP2", 16.999999994820257], ["S48", "S10", 71.0], ["S49", "S28", 27.999999994820257], ["S54", "S49", 33.99999999482026], ["SDP2", "S48", 83.0]], "Waterman": [["S1", "S9", 46.999999999961744], ["S2", "S7", 71.0], ["S6", "S17", 50.000000000038185], ["S7", "S40", 64.99999999996174], ["S9", "S43", 34.9999999999618], ["S11", "S50", 62.0], ["S17", "S26", 37.999999999916625], ["S26", "EDP1", 25.99999999991664], ["S31", "SP1", 23.00000000008336], ["S37", "S1", 52.999999999961744], ["S40", "S37", 58.999999999961744], ["S43", "S31", 29.00000000008336], ["S50", "S6", 56.0], ["SDP1", "S2", 83.0], ["SP1", "S11", 83.0]]}, "Ordered_routes": {"Watergeus": ["SDP2", "S20", "S15", "S32", "S35", "S8", "S30", "S4", "S3", "S36", "S38", "S27", "S23", "S33", "S34", "SP2", "S41", "S18", "S39", "S44", "EDP2"], "Waterbuffel": ["SDP2", "S12", "S14", "S53", "S45", "S25", "S21", "S19", "S13", "S22", "S29", "S5", "S51", "S52", "S42", "EDP2"], "Waterval": ["SDP2", "S48", "S10", "S46", "S24", "S16", "S54", "S49", "S28", "S47", "EDP2"], "Waterman": ["SDP1", "S2", "S7", "S40", "S37", "S1", "S9", "S43", "S31", "SP1", "S11", "S50", "S6", "S17", "S26", "EDP1"]}, "Ordered_flow": {"Watergeus": [103, 91, 80, 74, 68, 62, 50, 44, 37, 31, 25, 19, 13, 9, 3, 103, 96, 91, 90, 86], "Waterbuffel": [103, 86, 80, 74, 69, 63, 57, 51, 48, 36, 26, 23, 17, 13, 11], "Waterval": [83, 71, 67, 62, 55, 45, 33, 27, 22, 16], "Waterman": [83, 71, 64, 58, 52, 46, 34, 29, 23, 83, 62, 56, 50, 37, 25]}, "Ordered_AIS": {"Watergeus": [[51.89740273617377, 4.460817447562738], [51.88282, 4.42676], [51.88091, 4.3941], [51.87825, 4.30953], [51.8807, 4.27328], [51.87879, 4.24951], [51.87991, 4.24021], [51.89398, 4.24107], [51.895, 4.24466], [51.8914, 4.27349], [51.89119, 4.2737], [51.88511, 4.29341], [51.88626, 4.29754], [51.88819, 4.29972], [51.88911, 4.31162], [51.889365439900516, 4.313357332833194], [51.88877, 4.31181], [51.90215, 4.35482], [51.89405, 4.36797], [51.88943, 4.43056], [51.89740273617377, 4.460817447562738]], "Waterbuffel": [[51.89740273617377, 4.460817447562738], [51.89711, 4.43307], [51.89711, 4.43307], [51.891, 4.43002], [51.89576, 4.41267], [51.90833, 4.41821], [51.90834, 4.41822], [51.90966, 4.41959], [51.91126, 4.4177], [51.91246, 4.41786], [51.91176, 4.42314], [51.91398, 4.49852], [51.89785, 4.49079], [51.89765, 4.48264], [51.89449, 4.47617], [51.89740273617377, 4.460817447562738]], "Waterval": [[51.89740273617377, 4.460817447562738], [51.89274, 4.44524], [51.88433, 4.43486], [51.88076, 4.43624], [51.88048, 4.43655], [51.88033, 4.43694], [51.88036, 4.43878], [51.88633, 4.4501], [51.88622, 4.45119], [51.88545, 4.45554], [51.89740273617377, 4.460817447562738]], "Waterman": [[51.96249648967369, 4.137689887873459], [51.93826, 4.18551], [51.92134, 4.21752], [51.89437, 4.27246], [51.89113, 4.27156], [51.89398, 4.24107], [51.89398, 4.24107], [51.89451, 4.23022], [51.9179, 4.21186], [51.96249648967369, 4.137689887873459], [51.97294, 4.13193], [51.94303, 4.03139], [51.95895, 4.10618], [51.95895, 4.10618], [51.95968, 4.11156], [51.96249648967369, 4.137689887873459]]}}