{"OBJ": 70.31379107603922, "Solving_time": 14400.302000045776, "Routes": {"Watergeus": [["S11", "S13"], ["S13", "S18"], ["S15", "S23"], ["S16", "S15"], ["S17", "S22"], ["S18", "S40"], ["S19", "S16"], ["S20", "S11"], ["S22", "S19"], ["S23", "EDP1"], ["S40", "S17"], ["SDP1", "S20"]], "Waterbuffel": [["S1", "S21"], ["S9", "S25"], ["S21", "S24"], ["S24", "S38"], ["S25", "S1"], ["S37", "S39"], ["S38", "S37"], ["S39", "EDP2"], ["S42", "S9"], ["SDP2", "S42"]], "Waterval": [["S3", "S8"], ["S5", "S30"], ["S6", "S5"], ["S7", "S12"], ["S8", "S6"], ["S10", "EDP2"], ["S12", "S10"], ["S14", "S7"], ["S30", "S14"], ["S31", "S41"], ["S34", "S3"], ["S41", "S34"], ["SDP2", "S31"]], "Waterman": [["S2", "EDP2"], ["S4", "S27"], ["S26", "S2"], ["S27", "S33"], ["S28", "S4"], ["S29", "S35"], ["S32", "S28"], ["S33", "S29"], ["S35", "S26"], ["S36", "S32"], ["SDP2", "S36"]]}, "Flow": {"Watergeus": [["S11", "S13", 91.00000000000153], ["S13", "S18", 85.0], ["S15", "S23", 43.00000000000002], ["S16", "S15", 49.00000000000002], ["S17", "S22", 67.00000000000011], ["S18", "S40", 79.0000000000001], ["S19", "S16", 55.00000000000002], ["S20", "S11", 97.0], ["S22", "S19", 61.00000000000002], ["S23", "EDP1", 37.00000000000002], ["S40", "S17", 73.0000000000001], ["SDP1", "S20", 103.0]], "Waterbuffel": [["S1", "S21", 88.0], ["S9", "S25", 96.00000000001793], ["S21", "S24", 85.99999999998454], ["S24", "S38", 83.9999999999689], ["S25", "S1", 90.00000000002618], ["S37", "S39", 78.0], ["S38", "S37", 82.0], ["S39", "EDP2", 74.0], ["S42", "S9", 98.00000000000551], ["SDP2", "S42", 103.0]], "Waterval": [["S3", "S8", 59.000000000016705], ["S5", "S30", 45.00000000002159], ["S6", "S5", 48.00000000002077], ["S7", "S12", 32.000000000022], ["S8", "S6", 54.00000000001982], ["S10", "EDP2", 20.000000000021608], ["S12", "S10", 26.000000000022], ["S14", "S7", 35.000000000022], ["S30", "S14", 41.000000000021984], ["S31", "S41", 77.00000000000571], ["S34", "S3", 65.00000000001424], ["S41", "S34", 71.00000000001032], ["SDP2", "S31", 83.0]], "Waterman": [["S2", "EDP2", 19.0], ["S4", "S27", 60.0], ["S26", "S2", 31.0], ["S27", "S33", 55.0], ["S28", "S4", 66.0], ["S29", "S35", 43.0], ["S32", "S28", 71.0], ["S33", "S29", 49.0], ["S35", "S26", 37.0], ["S36", "S32", 77.0], ["SDP2", "S36", 82.99992218924115]]}, "Ordered_routes": {"Watergeus": ["SDP1", "S20", "S11", "S13", "S18", "S40", "S17", "S22", "S19", "S16", "S15", "S23", "EDP1"], "Waterbuffel": ["SDP2", "S42", "S9", "S25", "S1", "S21", "S24", "S38", "S37", "S39", "EDP2"], "Waterval": ["SDP2", "S31", "S41", "S34", "S3", "S8", "S6", "S5", "S30", "S14", "S7", "S12", "S10", "EDP2"], "Waterman": ["SDP2", "S36", "S32", "S28", "S4", "S27", "S33", "S29", "S35", "S26", "S2", "EDP2"]}, "Ordered_flow": {"Watergeus": [103, 97, 91, 85, 79, 73, 67, 61, 55, 49, 43, 37], "Waterbuffel": [103, 98, 96, 90, 88, 85, 83, 82, 78, 74], "Waterval": [83, 77, 71, 65, 59, 54, 48, 45, 41, 35, 32, 26, 20], "Waterman": [82, 77, 71, 66, 60, 55, 49, 43, 37, 31, 19]}, "Ordered_AIS": {"Watergeus": [[51.96249648967369, 4.137689887873459], [51.91528, 4.20424], [51.89461, 4.23041], [51.88012, 4.2651], [51.88065, 4.26508], [51.88334, 4.26892], [51.88042, 4.27322], [51.88513, 4.2799], [51.88504, 4.29269], [51.88496, 4.29473], [51.89165, 4.27331], [51.91725, 4.20568], [51.96249648967369, 4.137689887873459]], "Waterbuffel": [[51.89740273617377, 4.460817447562738], [51.88482, 4.45597], [51.89555, 4.4824], [51.89734, 4.48929], [51.90004, 4.49302], [51.90342, 4.49375], [51.90324, 4.49314], [51.89916, 4.48619], [51.89776, 4.48272], [51.89695, 4.48048], [51.89740273617377, 4.460817447562738]], "Waterval": [[51.89740273617377, 4.460817447562738], [51.87971, 4.44499], [51.88033, 4.43694], [51.88062, 4.43619], [51.87856, 4.42643], [51.88282, 4.42676], [51.88485, 4.41814], [51.88549, 4.41158], [51.88093, 4.39439], [51.87343, 4.3105], [51.87353, 4.30955], [51.8778, 4.29204], [51.89139, 4.40466], [51.89740273617377, 4.460817447562738]], "Waterman": [[51.89740273617377, 4.460817447562738], [51.89687, 4.43353], [51.8974, 4.42089], [51.90844, 4.41832], [51.90855, 4.41816], [51.91084, 4.4137], [51.91195, 4.41736], [51.91101, 4.41745], [51.91068, 4.41711], [51.91024, 4.42013], [51.90536, 4.42895], [51.89740273617377, 4.460817447562738]]}}