{"OBJ": 93.41900124595837, "Solving_time": 43200.3220000267, "Routes": {"Watergeus": [["S9", "S29"], ["S12", "S9"], ["S18", "S53"], ["S19", "S42"], ["S22", "S25"], ["S25", "S50"], ["S29", "EDP2"], ["S35", "S19"], ["S40", "S56"], ["S41", "SP2"], ["S42", "S41"], ["S44", "S49"], ["S45", "S40"], ["S49", "S52"], ["S50", "S35"], ["S51", "S44"], ["S52", "S18"], ["S53", "S12"], ["S56", "S51"], ["SDP2", "S22"], ["SP2", "S45"]], "Waterbuffel": [["S3", "S8"], ["S4", "S26"], ["S5", "S10"], ["S7", "S3"], ["S8", "EDP2"], ["S10", "S30"], ["S11", "S13"], ["S13", "S14"], ["S14", "S5"], ["S15", "S16"], ["S16", "S43"], ["S17", "S7"], ["S26", "S27"], ["S27", "SP3"], ["S30", "S15"], ["S43", "S4"], ["SDP2", "S11"], ["SP3", "S17"]], "Waterval": [["S31", "S48"], ["S33", "S38"], ["S34", "S36"], ["S36", "EDP2"], ["S37", "S31"], ["S38", "S46"], ["S39", "S37"], ["S46", "S39"], ["S48", "S34"], ["SDP2", "S33"]], "Waterman": [["S1", "S61"], ["S2", "S60"], ["S6", "SP1"], ["S20", "EDP1"], ["S21", "S24"], ["S23", "S47"], ["S24", "S20"], ["S28", "S55"], ["S32", "S59"], ["S47", "S28"], ["S54", "S57"], ["S55", "S21"], ["S57", "S1"], ["S58", "S6"], ["S59", "S54"], ["S60", "S58"], ["S61", "S2"], ["SDP1", "S32"], ["SP1", "S23"]]}, "Flow": {"Watergeus": [["S9", "S29", 14.99999999864113], ["S12", "S9", 16.99999999864113], ["S18", "S53", 28.99999999864113], ["S19", "S42", 67.0], ["S22", "S25", 97.0], ["S25", "S50", 91.0], ["S29", "EDP2", 8.99999999864113], ["S35", "S19", 73.0], ["S40", "S56", 90.99999999864113], ["S41", "SP2", 55.00000000000395], ["S42", "S41", 61.0], ["S44", "S49", 58.99999999864113], ["S45", "S40", 97.0], ["S49", "S52", 52.99999999864113], ["S50", "S35", 85.0], ["S51", "S44", 70.99999999864113], ["S52", "S18", 40.99999999864113], ["S53", "S12", 22.99999999864113], ["S56", "S51", 82.99999999864113], ["SDP2", "S22", 103.0], ["SP2", "S45", 103.0]], "Waterbuffel": [["S3", "S8", 67.0], ["S4", "S26", 27.000000000011056], ["S5", "S10", 71.00000000001106], ["S7", "S3", 79.0], ["S8", "EDP2", 56.0], ["S10", "S30", 65.00000000001106], ["S11", "S13", 101.00000000001026], ["S13", "S14", 95.00000000001106], ["S14", "S5", 83.00000000001106], ["S15", "S16", 51.000000000011056], ["S16", "S43", 45.000000000011056], ["S17", "S7", 91.00000000000728], ["S26", "S27", 21.000000000011056], ["S27", "SP3", 9.000000000011056], ["S30", "S15", 53.000000000011056], ["S43", "S4", 33.000000000011056], ["SDP2", "S11", 103.0], ["SP3", "S17", 103.0]], "Waterval": [["S31", "S48", 53.00000000003942], ["S33", "S38", 79.00000000003647], ["S34", "S36", 43.000000000040075], ["S36", "EDP2", 31.000000000040536], ["S37", "S31", 57.000000000038355], ["S38", "S46", 76.00000000003732], ["S39", "S37", 67.00000000003777], ["S46", "S39", 71.00000000003742], ["S48", "S34", 49.00000000004002], ["SDP2", "S33", 83.0]], "Waterman": [["S1", "S61", 49.99999947849122], ["S2", "S60", 39.9999804833358], ["S6", "SP1", 15.999996744426916], ["S20", "EDP1", 11.0], ["S21", "S24", 29.0], ["S23", "S47", 77.0], ["S24", "S20", 23.0], ["S28", "S55", 51.0], ["S32", "S59", 70.99996866438273], ["S47", "S28", 62.0], ["S54", "S57", 59.99999947849122], ["S55", "S21", 41.0], ["S57", "S1", 55.00000328440045], ["S58", "S6", 27.99997598961164], ["S59", "S54", 66.00000328440045], ["S60", "S58", 33.9999961827114], ["S61", "S2", 45.00000328440046], ["SDP1", "S32", 83.0], ["SP1", "S23", 83.0]]}, "Ordered_routes": {"Watergeus": ["SDP2", "S22", "S25", "S50", "S35", "S19", "S42", "S41", "SP2", "S45", "S40", "S56", "S51", "S44", "S49", "S52", "S18", "S53", "S12", "S9", "S29", "EDP2"], "Waterbuffel": ["SDP2", "S11", "S13", "S14", "S5", "S10", "S30", "S15", "S16", "S43", "S4", "S26", "S27", "SP3", "S17", "S7", "S3", "S8", "EDP2"], "Waterval": ["SDP2", "S33", "S38", "S46", "S39", "S37", "S31", "S48", "S34", "S36", "EDP2"], "Waterman": ["SDP1", "S32", "S59", "S54", "S57", "S1", "S61", "S2", "S60", "S58", "S6", "SP1", "S23", "S47", "S28", "S55", "S21", "S24", "S20", "EDP1"]}, "Ordered_flow": {"Watergeus": [103, 97, 91, 85, 73, 67, 61, 55, 103, 97, 90, 82, 70, 58, 52, 40, 28, 22, 16, 14, 8], "Waterbuffel": [103, 101, 95, 83, 71, 65, 53, 51, 45, 33, 27, 21, 9, 103, 91, 79, 67, 56], "Waterval": [83, 79, 76, 71, 67, 57, 53, 49, 43, 31], "Waterman": [83, 70, 66, 59, 55, 49, 45, 39, 33, 27, 15, 83, 77, 62, 51, 41, 29, 23, 11]}, "Ordered_AIS": {"Watergeus": [[51.89740273617377, 4.460817447562738], [51.89207, 4.34007], [51.87655, 4.29373], [51.88024, 4.27168], [51.89368, 4.2308], [51.89548, 4.27466], [51.88453, 4.29212], [51.88861, 4.31147], [51.889365439900516, 4.313357332833194], [51.88935, 4.31651], [51.88961, 4.31678], [51.88741, 4.35789], [51.89013, 4.36755], [51.89077, 4.36696], [51.89169, 4.36698], [51.89211, 4.36745], [51.89328, 4.36782], [51.89455, 4.3682], [51.88649, 4.41056], [51.88976, 4.41547], [51.88328, 4.426], [51.89740273617377, 4.460817447562738]], "Waterbuffel": [[51.89740273617377, 4.460817447562738], [51.88856, 4.41875], [51.87806, 4.42321], [51.88016, 4.41258], [51.88014, 4.40176], [51.89168, 4.40374], [51.89231, 4.40288], [51.90601, 4.38721], [51.90497, 4.39101], [51.90634, 4.41563], [51.90799, 4.41633], [51.91186, 4.41411], [51.91237, 4.4191], [51.89765499630826, 4.459774551250766], [51.88321, 4.4259], [51.88033, 4.43906], [51.88285, 4.45318], [51.88536, 4.45562], [51.89740273617377, 4.460817447562738]], "Waterval": [[51.89740273617377, 4.460817447562738], [51.89845, 4.48188], [51.89938, 4.48719], [51.90033, 4.49166], [51.90038, 4.4931], [51.8989, 4.48716], [51.89715, 4.48147], [51.89672, 4.47934], [51.89449, 4.47617], [51.89449, 4.47617], [51.89740273617377, 4.460817447562738]], "Waterman": [[51.96249648967369, 4.137689887873459], [51.9558, 4.15005], [51.94583, 4.17032], [51.94556, 4.17093], [51.9307, 4.19839], [51.92977, 4.20015], [51.92218, 4.21817], [51.92376, 4.19691], [51.94053, 4.17114], [51.9449, 4.16106], [51.95277, 4.14603], [51.96249648967369, 4.137689887873459], [51.96068, 4.10749], [51.96316, 4.0943], [51.96856, 4.03815], [51.9574, 4.01285], [51.96045, 4.03267], [51.95903, 4.05299], [51.95866, 4.11265], [51.96249648967369, 4.137689887873459]]}}