{"OBJ": 69.92410781320731, "Solving_time": 14400.348000049591, "Routes": {"Watergeus": [["S4", "S39"], ["S9", "S18"], ["S11", "S35"], ["S18", "S36"], ["S20", "S11"], ["S30", "S4"], ["S34", "S40"], ["S35", "S9"], ["S36", "EDP2"], ["S39", "S20"], ["S40", "S30"], ["SDP2", "S34"]], "Waterbuffel": [["S5", "S10"], ["S7", "EDP2"], ["S10", "S7"], ["S15", "S19"], ["S19", "S26"], ["S23", "S42"], ["S26", "S5"], ["S31", "S23"], ["S42", "S15"], ["SDP2", "S31"]], "Waterval": [["S8", "EDP1"], ["S12", "S32"], ["S13", "S41"], ["S14", "S16"], ["S16", "S8"], ["S21", "S24"], ["S24", "S38"], ["S25", "S43"], ["S32", "S37"], ["S37", "S25"], ["S38", "S13"], ["S41", "S14"], ["S43", "S21"], ["SDP1", "S12"]], "Waterman": [["S1", "S17"], ["S2", "S6"], ["S3", "S1"], ["S6", "S3"], ["S17", "EDP2"], ["S22", "S29"], ["S27", "S33"], ["S28", "S22"], ["S29", "S2"], ["S33", "S28"], ["SDP2", "S27"]]}, "Flow": {"Watergeus": [["S4", "S39", 80.0], ["S9", "S18", 51.000000000163695], ["S11", "S35", 63.000000000163695], ["S18", "S36", 48.000000000163695], ["S20", "S11", 69.0000000001637], ["S30", "S4", 86.0], ["S34", "S40", 97.0], ["S35", "S9", 57.000000000163695], ["S36", "EDP2", 42.000000000163695], ["S39", "S20", 73.99999999985762], ["S40", "S30", 91.0], ["SDP2", "S34", 103.0]], "Waterbuffel": [["S5", "S10", 58.000000000749054], ["S7", "EDP2", 48.000000000749054], ["S10", "S7", 54.000000000749054], ["S15", "S19", 71.00000000074905], ["S19", "S26", 65.00000000074905], ["S23", "S42", 83.00000000074905], ["S26", "S5", 60.000000000749054], ["S31", "S23", 97.0], ["S42", "S15", 77.00000000074905], ["SDP2", "S31", 103.0]], "Waterval": [["S8", "EDP1", 22.999999999836277], ["S12", "S32", 76.9999269643328], ["S13", "S41", 41.00000569093234], ["S14", "S16", 29.999999999836277], ["S16", "S8", 26.999999999836277], ["S21", "S24", 56.00008916055586], ["S24", "S38", 52.00000569078996], ["S25", "S43", 64.99994024354223], ["S32", "S37", 72.0000056911617], ["S37", "S25", 70.00000569109608], ["S38", "S13", 47.00000569078996], ["S41", "S14", 34.99992696410345], ["S43", "S21", 61.00001897037112], ["SDP1", "S12", 83.0]], "Waterman": [["S1", "S17", 29.000000000141952], ["S2", "S6", 47.00000000014195], ["S3", "S1", 35.00000000014195], ["S6", "S3", 41.00000000014195], ["S17", "EDP2", 23.000000000141952], ["S22", "S29", 59.00000000014195], ["S27", "S33", 77.00000000014195], ["S28", "S22", 65.00000000014195], ["S29", "S2", 53.00000000014195], ["S33", "S28", 71.00000000014195], ["SDP2", "S27", 83.0]]}, "Ordered_routes": {"Watergeus": ["SDP2", "S34", "S40", "S30", "S4", "S39", "S20", "S11", "S35", "S9", "S18", "S36", "EDP2"], "Waterbuffel": ["SDP2", "S31", "S23", "S42", "S15", "S19", "S26", "S5", "S10", "S7", "EDP2"], "Waterval": ["SDP1", "S12", "S32", "S37", "S25", "S43", "S21", "S24", "S38", "S13", "S41", "S14", "S16", "S8", "EDP1"], "Waterman": ["SDP2", "S27", "S33", "S28", "S22", "S29", "S2", "S6", "S3", "S1", "S17", "EDP2"]}, "Ordered_flow": {"Watergeus": [103, 97, 91, 86, 80, 73, 69, 63, 57, 51, 48, 42], "Waterbuffel": [103, 97, 83, 77, 71, 65, 60, 58, 54, 48], "Waterval": [83, 76, 72, 70, 64, 61, 56, 52, 47, 41, 34, 29, 26, 22], "Waterman": [83, 77, 71, 65, 59, 53, 47, 41, 35, 29, 23]}, "Ordered_AIS": {"Watergeus": [[51.89740273617377, 4.460817447562738], [51.90086, 4.39503], [51.90484, 4.37878], [51.90487, 4.37859], [51.89159, 4.36431], [51.8895, 4.31685], [51.88541, 4.29536], [51.87623, 4.31172], [51.8809, 4.39405], [51.88606, 4.41301], [51.88484, 4.41815], [51.89433, 4.44649], [51.89740273617377, 4.460817447562738]], "Waterbuffel": [[51.89740273617377, 4.460817447562738], [51.88633, 4.44914], [51.88633, 4.44914], [51.88333, 4.45157], [51.89449, 4.47617], [51.89755, 4.48862], [51.90077, 4.49322], [51.90038, 4.49182], [51.89933, 4.48912], [51.89913, 4.4883], [51.89740273617377, 4.460817447562738]], "Waterval": [[51.96249648967369, 4.137689887873459], [51.94078, 4.16845], [51.92496, 4.19837], [51.91592, 4.21729], [51.88218, 4.26533], [51.88029, 4.27147], [51.87998, 4.27197], [51.8758, 4.27338], [51.8807, 4.27323], [51.88526, 4.27974], [51.89476, 4.27523], [51.94287, 4.1763], [51.95773, 4.14687], [51.95905, 4.14367], [51.96249648967369, 4.137689887873459]], "Waterman": [[51.89740273617377, 4.460817447562738], [51.88491, 4.44145], [51.8804, 4.43734], [51.88067, 4.43649], [51.8974, 4.42089], [51.8974, 4.42089], [51.90887, 4.41585], [51.91176, 4.42314], [51.90536, 4.42895], [51.90251, 4.44236], [51.90241, 4.44385], [51.89740273617377, 4.460817447562738]]}}