{"OBJ": 99.6220610266753, "Solving_time": 14400.136000156403, "Routes": {"Watergeus": [["S1", "S32"], ["S2", "S13"], ["S4", "S10"], ["S5", "S7"], ["S7", "EDP2"], ["S10", "S5"], ["S11", "S4"], ["S13", "S1"], ["S26", "S43"], ["S32", "S36"], ["S36", "S26"], ["S43", "S11"], ["SDP2", "S2"]], "Waterbuffel": [["S3", "S21"], ["S6", "S23"], ["S9", "S18"], ["S16", "S6"], ["S17", "S16"], ["S18", "S3"], ["S21", "S17"], ["S23", "EDP2"], ["S29", "S9"], ["S31", "S29"], ["S34", "S40"], ["S40", "S31"], ["SDP2", "S34"]], "Waterval": [["S8", "S35"], ["S12", "S20"], ["S14", "S8"], ["S15", "S19"], ["S19", "S24"], ["S20", "EDP2"], ["S24", "S14"], ["S35", "S12"], ["SDP2", "S15"]], "Waterman": [["S22", "S30"], ["S25", "S28"], ["S27", "S22"], ["S28", "S33"], ["S30", "S37"], ["S33", "S44"], ["S37", "S25"], ["S38", "EDP1"], ["S39", "S38"], ["S41", "S42"], ["S42", "S39"], ["S44", "S41"], ["SDP1", "S27"]]}, "Flow": {"Watergeus": [["S1", "S32", 85.00000000000149], ["S2", "S13", 97.00000000000072], ["S4", "S10", 50.00000000000432], ["S5", "S7", 38.0000000000045], ["S7", "EDP2", 32.0000000000049], ["S10", "S5", 44.000000000004405], ["S11", "S4", 56.000000000003595], ["S13", "S1", 91.000000000001], ["S26", "S43", 67.00000000000225], ["S32", "S36", 79.00000000000183], ["S36", "S26", 73.00000000000212], ["S43", "S11", 62.000000000002885], ["SDP2", "S2", 103.0]], "Waterbuffel": [["S3", "S21", 63.99999999998525], ["S6", "S23", 39.99999999997774], ["S9", "S18", 75.99999999998762], ["S16", "S6", 45.999999999979224], ["S17", "S16", 51.999999999980425], ["S18", "S3", 69.99999999998631], ["S21", "S17", 57.99999999998367], ["S23", "EDP2", 33.99999999997646], ["S29", "S9", 81.99999999998873], ["S31", "S29", 87.99999999999156], ["S34", "S40", 96.9999999999965], ["S40", "S31", 93.9999999999934], ["SDP2", "S34", 103.0]], "Waterval": [["S8", "S35", 53.000000000001776], ["S12", "S20", 43.0], ["S14", "S8", 59.000000000000966], ["S15", "S19", 77.00000000000293], ["S19", "S24", 71.00000000000416], ["S20", "EDP2", 37.0], ["S24", "S14", 65.0], ["S35", "S12", 49.0], ["SDP2", "S15", 83.0]], "Waterman": [["S22", "S30", 72.00000000000004], ["S25", "S28", 55.99982811529601], ["S27", "S22", 77.00000000000023], ["S28", "S33", 51.99982688314969], ["S30", "S37", 65.99987801966452], ["S33", "S44", 46.999781909725264], ["S37", "S25", 60.99982811529601], ["S38", "EDP1", 23.000020946556454], ["S39", "S38", 29.000020946556454], ["S41", "S42", 35.9999291514847], ["S42", "S39", 32.9999291514847], ["S44", "S41", 40.99982688314969], ["SDP1", "S27", 83.0]]}, "Ordered_routes": {"Watergeus": ["SDP2", "S2", "S13", "S1", "S32", "S36", "S26", "S43", "S11", "S4", "S10", "S5", "S7", "EDP2"], "Waterbuffel": ["SDP2", "S34", "S40", "S31", "S29", "S9", "S18", "S3", "S21", "S17", "S16", "S6", "S23", "EDP2"], "Waterval": ["SDP2", "S15", "S19", "S24", "S14", "S8", "S35", "S12", "S20", "EDP2"], "Waterman": ["SDP1", "S27", "S22", "S30", "S37", "S25", "S28", "S33", "S44", "S41", "S42", "S39", "S38", "EDP1"]}, "Ordered_flow": {"Watergeus": [103, 97, 91, 85, 79, 73, 67, 62, 56, 50, 44, 38, 32], "Waterbuffel": [103, 96, 93, 87, 81, 75, 69, 63, 57, 51, 45, 39, 33], "Waterval": [83, 77, 71, 65, 59, 53, 49, 43, 37], "Waterman": [83, 77, 72, 65, 60, 55, 51, 46, 40, 35, 32, 29, 23]}, "Ordered_AIS": {"Watergeus": [[51.89740273617377, 4.460817447562738], [51.87862, 4.30936], [51.88208, 4.27417], [51.88189, 4.27244], [51.87967, 4.24669], [51.87986, 4.24037], [51.8841, 4.23583], [51.89624, 4.23812], [51.88837, 4.27641], [51.88704, 4.31026], [51.88961, 4.31678], [51.88931, 4.31706], [51.88797, 4.31827], [51.89740273617377, 4.460817447562738]], "Waterbuffel": [[51.89740273617377, 4.460817447562738], [51.89066, 4.43443], [51.888, 4.43803], [51.87779, 4.42354], [51.88669, 4.41043], [51.89216, 4.36711], [51.89169, 4.36698], [51.89119, 4.36704], [51.88931, 4.3678], [51.88831, 4.36745], [51.88699, 4.35544], [51.89744, 4.35852], [51.90892, 4.41577], [51.89740273617377, 4.460817447562738]], "Waterval": [[51.89740273617377, 4.460817447562738], [51.8868, 4.44697], [51.88602, 4.45253], [51.88302, 4.45441], [51.89738, 4.48971], [51.90307, 4.53482], [51.9122, 4.49557], [51.91332, 4.48647], [51.91332, 4.48647], [51.89740273617377, 4.460817447562738]], "Waterman": [[51.96249648967369, 4.137689887873459], [51.96068, 4.10749], [51.95946, 3.99583], [51.9581, 4.00699], [51.93051, 4.16375], [51.93008, 4.16385], [51.9255, 4.17137], [51.91454, 4.2209], [51.92112, 4.21739], [51.93122, 4.19889], [51.93283, 4.18595], [51.95709, 4.14701], [51.95732, 4.14735], [51.96249648967369, 4.137689887873459]]}}