{"OBJ": 70.64939819908139, "Solving_time": 14400.178999900818, "Routes": {"Watergeus": [["S2", "EDP2"], ["S4", "S27"], ["S25", "S28"], ["S26", "S4"], ["S27", "S2"], ["S28", "S26"], ["SDP2", "S25"]], "Waterbuffel": [["S1", "S21"], ["S3", "S30"], ["S8", "S3"], ["S9", "S24"], ["S21", "S23"], ["S23", "S33"], ["S24", "S1"], ["S30", "S36"], ["S32", "S34"], ["S33", "S32"], ["S34", "EDP2"], ["S36", "S37"], ["S37", "S9"], ["SDP2", "S8"]], "Waterval": [["S11", "S20"], ["S13", "S11"], ["S15", "S22"], ["S17", "S35"], ["S18", "S13"], ["S20", "EDP1"], ["S22", "S17"], ["S35", "S18"], ["SDP1", "S15"]], "Waterman": [["S5", "S6"], ["S6", "EDP2"], ["S7", "S14"], ["S10", "S16"], ["S12", "S7"], ["S14", "S29"], ["S16", "S19"], ["S19", "S12"], ["S29", "S5"], ["S31", "S10"], ["SDP2", "S31"]]}, "Flow": {"Watergeus": [["S2", "EDP2", 61.0], ["S4", "S27", 78.0], ["S25", "S28", 97.00000000000004], ["S26", "S4", 84.0], ["S27", "S2", 73.0], ["S28", "S26", 91.0], ["SDP2", "S25", 103.0]], "Waterbuffel": [["S1", "S21", 55.0], ["S3", "S30", 92.0], ["S8", "S3", 98.0], ["S9", "S24", 63.0], ["S21", "S23", 53.0], ["S23", "S33", 51.0], ["S24", "S1", 57.0], ["S30", "S36", 86.0], ["S32", "S34", 44.99999999999996], ["S33", "S32", 49.0], ["S34", "EDP2", 40.9999999999984], ["S36", "S37", 74.0], ["S37", "S9", 65.0], ["SDP2", "S8", 103.0]], "Waterval": [["S11", "S20", 29.00000000000555], ["S13", "S11", 35.0], ["S15", "S22", 70.99999999998182], ["S17", "S35", 59.0], ["S18", "S13", 41.0], ["S20", "EDP1", 23.0000000000066], ["S22", "S17", 64.99999999999966], ["S35", "S18", 53.0], ["SDP1", "S15", 83.0]], "Waterman": [["S5", "S6", 25.000000000023007], ["S6", "EDP2", 19.000000000030703], ["S7", "S14", 41.0], ["S10", "S16", 71.0], ["S12", "S7", 48.99999999997364], ["S14", "S29", 35.000000000017366], ["S16", "S19", 60.999999999991644], ["S19", "S12", 54.99999999997372], ["S29", "S5", 28.000000000022986], ["S31", "S10", 76.99999999997665], ["SDP2", "S31", 83.0]]}, "Ordered_routes": {"Watergeus": ["SDP2", "S25", "S28", "S26", "S4", "S27", "S2", "EDP2"], "Waterbuffel": ["SDP2", "S8", "S3", "S30", "S36", "S37", "S9", "S24", "S1", "S21", "S23", "S33", "S32", "S34", "EDP2"], "Waterval": ["SDP1", "S15", "S22", "S17", "S35", "S18", "S13", "S11", "S20", "EDP1"], "Waterman": ["SDP2", "S31", "S10", "S16", "S19", "S12", "S7", "S14", "S29", "S5", "S6", "EDP2"]}, "Ordered_flow": {"Watergeus": [103, 97, 91, 84, 78, 73, 61], "Waterbuffel": [103, 98, 92, 86, 74, 65, 63, 57, 55, 53, 51, 49, 44, 40], "Waterval": [83, 70, 64, 59, 53, 41, 35, 29, 23], "Waterman": [83, 76, 71, 60, 54, 48, 41, 35, 28, 25, 19]}, "Ordered_AIS": {"Watergeus": [[51.89740273617377, 4.460817447562738], [51.91024, 4.42013], [51.91101, 4.41745], [51.91084, 4.4137], [51.90855, 4.41816], [51.90844, 4.41832], [51.90536, 4.42895], [51.89740273617377, 4.460817447562738]], "Waterbuffel": [[51.89740273617377, 4.460817447562738], [51.88282, 4.42676], [51.87856, 4.42643], [51.88062, 4.43619], [51.88033, 4.43694], [51.88482, 4.45597], [51.89555, 4.4824], [51.89734, 4.48929], [51.90004, 4.49302], [51.90342, 4.49375], [51.90324, 4.49314], [51.89916, 4.48619], [51.89776, 4.48272], [51.89695, 4.48048], [51.89740273617377, 4.460817447562738]], "Waterval": [[51.96249648967369, 4.137689887873459], [51.89165, 4.27331], [51.88513, 4.2799], [51.88042, 4.27322], [51.88334, 4.26892], [51.88065, 4.26508], [51.88012, 4.2651], [51.89461, 4.23041], [51.91528, 4.20424], [51.96249648967369, 4.137689887873459]], "Waterman": [[51.89740273617377, 4.460817447562738], [51.89687, 4.43353], [51.89139, 4.40466], [51.88496, 4.29473], [51.88504, 4.29269], [51.8778, 4.29204], [51.87353, 4.30955], [51.87343, 4.3105], [51.88093, 4.39439], [51.88549, 4.41158], [51.88485, 4.41814], [51.89740273617377, 4.460817447562738]]}}