{"OBJ": 86.01423475991047, "Solving_time": 14400.321999788284, "Routes": {"Watergeus": [["S21", "S40"], ["S23", "EDP2"], ["S24", "S26"], ["S25", "S30"], ["S26", "S42"], ["S28", "S37"], ["S29", "S25"], ["S30", "S21"], ["S37", "S29"], ["S40", "S24"], ["S42", "S23"], ["SDP2", "S28"]], "Waterbuffel": [["S12", "S34"], ["S14", "S18"], ["S18", "S12"], ["S27", "S36"], ["S31", "S44"], ["S32", "S33"], ["S33", "EDP1"], ["S34", "S27"], ["S36", "S41"], ["S38", "S39"], ["S39", "S32"], ["S41", "S31"], ["S44", "S38"], ["SDP1", "S14"]], "Waterval": [["S1", "S11"], ["S2", "S20"], ["S3", "S9"], ["S4", "S22"], ["S5", "EDP2"], ["S8", "S4"], ["S9", "S8"], ["S11", "S2"], ["S13", "S17"], ["S17", "S5"], ["S19", "S13"], ["S20", "S19"], ["S22", "S1"], ["SDP2", "S3"]], "Waterman": [["S6", "S35"], ["S7", "S15"], ["S10", "S6"], ["S15", "S16"], ["S16", "S10"], ["S35", "S43"], ["S43", "EDP2"], ["SDP2", "S7"]]}, "Flow": {"Watergeus": [["S21", "S40", 59.00000000000007], ["S23", "EDP2", 30.00000000000024], ["S24", "S26", 47.00000000000014], ["S25", "S30", 80.00000000000007], ["S26", "S42", 42.00000000000024], ["S28", "S37", 98.00000000000007], ["S29", "S25", 85.99999999999224], ["S30", "S21", 76.00000000000007], ["S37", "S29", 92.00000000000007], ["S40", "S24", 53.00000000000014], ["S42", "S23", 36.00000000000024], ["SDP2", "S28", 103.0]], "Waterbuffel": [["S12", "S34", 87.0], ["S14", "S18", 98.99999999999574], ["S18", "S12", 92.99999999999886], ["S27", "S36", 75.0], ["S31", "S44", 60.0], ["S32", "S33", 36.0], ["S33", "EDP1", 30.0], ["S34", "S27", 81.0], ["S36", "S41", 69.0], ["S38", "S39", 48.0], ["S39", "S32", 42.0], ["S41", "S31", 65.0], ["S44", "S38", 54.0], ["SDP1", "S14", 103.0]], "Waterval": [["S1", "S11", 47.0], ["S2", "S20", 35.0], ["S3", "S9", 77.0], ["S4", "S22", 59.00000000000001], ["S5", "EDP2", 5.0], ["S8", "S4", 65.0], ["S9", "S8", 71.0], ["S11", "S2", 41.0], ["S13", "S17", 17.0], ["S17", "S5", 11.0], ["S19", "S13", 23.0], ["S20", "S19", 29.0], ["S22", "S1", 53.0], ["SDP2", "S3", 83.0]], "Waterman": [["S6", "S35", 55.999941707943975], ["S7", "S15", 76.99994170794398], ["S10", "S6", 61.999941707943975], ["S15", "S16", 70.99994170794398], ["S16", "S10", 64.99994170794398], ["S35", "S43", 52.999941707943975], ["S43", "EDP2", 47.0], ["SDP2", "S7", 82.99994170794398]]}, "Ordered_routes": {"Watergeus": ["SDP2", "S28", "S37", "S29", "S25", "S30", "S21", "S40", "S24", "S26", "S42", "S23", "EDP2"], "Waterbuffel": ["SDP1", "S14", "S18", "S12", "S34", "S27", "S36", "S41", "S31", "S44", "S38", "S39", "S32", "S33", "EDP1"], "Waterval": ["SDP2", "S3", "S9", "S8", "S4", "S22", "S1", "S11", "S2", "S20", "S19", "S13", "S17", "S5", "EDP2"], "Waterman": ["SDP2", "S7", "S15", "S16", "S10", "S6", "S35", "S43", "EDP2"]}, "Ordered_flow": {"Watergeus": [103, 98, 92, 85, 80, 76, 59, 53, 47, 42, 36, 30], "Waterbuffel": [103, 98, 92, 87, 81, 75, 69, 65, 60, 54, 48, 42, 36, 30], "Waterval": [83, 77, 71, 65, 59, 53, 47, 41, 35, 29, 23, 17, 11, 5], "Waterman": [82, 76, 70, 64, 61, 55, 52, 47]}, "Ordered_AIS": {"Watergeus": [[51.89740273617377, 4.460817447562738], [51.90098, 4.36247], [51.94769, 4.16744], [51.94076, 4.16878], [51.9393, 4.16784], [51.9365, 4.18757], [51.93122, 4.19889], [51.89476, 4.27523], [51.8799, 4.27231], [51.87147, 4.31153], [51.88841, 4.36733], [51.89402, 4.3795], [51.89740273617377, 4.460817447562738]], "Waterbuffel": [[51.96249648967369, 4.137689887873459], [51.95227, 4.12807], [51.95227, 4.12807], [51.94671, 4.12789], [51.95112, 4.07665], [51.95347, 4.07703], [51.95861, 4.05357], [51.95772, 4.03569], [51.95884, 4.01193], [51.96752, 4.0417], [51.96737, 4.04207], [51.96746, 4.04213], [51.96665, 4.11049], [51.96429, 4.11852], [51.96249648967369, 4.137689887873459]], "Waterval": [[51.89740273617377, 4.460817447562738], [51.91138, 4.41792], [51.91262, 4.41539], [51.9101, 4.41653], [51.91007, 4.41681], [51.8947, 4.41337], [51.89476, 4.41325], [51.89244, 4.40254], [51.89139, 4.40466], [51.88499, 4.41892], [51.88434, 4.42099], [51.88383, 4.42276], [51.88369, 4.42461], [51.8899, 4.43204], [51.89740273617377, 4.460817447562738]], "Waterman": [[51.89740273617377, 4.460817447562738], [51.88453, 4.44005], [51.87869, 4.42494], [51.87799, 4.42298], [51.88139, 4.44899], [51.88333, 4.45157], [51.89449, 4.47617], [51.89635, 4.47896], [51.89740273617377, 4.460817447562738]]}}