{"OBJ": 92.46102789056391, "Solving_time": 14400.458999872208, "Routes": {"Watergeus": [["S1", "S2"], ["S2", "S10"], ["S3", "S40"], ["S4", "S8"], ["S8", "S9"], ["S9", "S3"], ["S10", "S4"], ["S20", "S1"], ["S32", "EDP2"], ["S40", "S32"], ["SDP2", "S20"]], "Waterbuffel": [["S16", "EDP1"], ["S25", "S31"], ["S29", "S38"], ["S30", "S36"], ["S31", "S16"], ["S33", "S25"], ["S35", "S41"], ["S36", "S35"], ["S38", "S33"], ["S41", "S29"], ["SDP1", "S30"]], "Waterval": [["S5", "S18"], ["S6", "EDP2"], ["S7", "S6"], ["S12", "S15"], ["S14", "S7"], ["S15", "S14"], ["S17", "S12"], ["S18", "S17"], ["SDP2", "S5"]], "Waterman": [["S11", "S13"], ["S13", "SP1"], ["S19", "S37"], ["S21", "EDP2"], ["S22", "S24"], ["S23", "S11"], ["S24", "S39"], ["S26", "S28"], ["S27", "S23"], ["S28", "S27"], ["S34", "S19"], ["S37", "S22"], ["S39", "S21"], ["SDP2", "S26"], ["SP1", "S34"]]}, "Flow": {"Watergeus": [["S1", "S2", 85.0], ["S2", "S10", 73.00000000000045], ["S3", "S40", 31.0], ["S4", "S8", 55.0], ["S8", "S9", 49.0], ["S9", "S3", 37.0], ["S10", "S4", 61.000000000000796], ["S20", "S1", 91.0], ["S32", "EDP2", 16.0], ["S40", "S32", 19.0], ["SDP2", "S20", 103.0]], "Waterbuffel": [["S16", "EDP1", 0.0], ["S25", "S31", 18.000000000000014], ["S29", "S38", 45.99999999999837], ["S30", "S36", 90.99999999999798], ["S31", "S16", 6.000000000000114], ["S33", "S25", 29.999999999999524], ["S35", "S41", 66.99999999999864], ["S36", "S35", 78.99999999999798], ["S38", "S33", 41.99999999999844], ["S41", "S29", 54.99999999999844], ["SDP1", "S30", 103.0]], "Waterval": [["S5", "S18", 70.99998250628042], ["S6", "EDP2", 10.999989000294114], ["S7", "S6", 16.999989000294114], ["S12", "S15", 46.99999350602409], ["S14", "S7", 28.99999350602409], ["S15", "S14", 40.99999350602409], ["S17", "S12", 52.99998250602399], ["S18", "S17", 58.99998250628042], ["SDP2", "S5", 82.9999890008137]], "Waterman": [["S11", "S13", 44.99999999999999], ["S13", "SP1", 41.0], ["S19", "S37", 60.00000000000066], ["S21", "EDP2", 19.000000000000657], ["S22", "S24", 36.00000000000066], ["S23", "S11", 50.99999999999999], ["S24", "S39", 31.000000000000657], ["S26", "S28", 73.00000000000065], ["S27", "S23", 62.99999999999999], ["S28", "S27", 69.0], ["S34", "S19", 77.0], ["S37", "S22", 48.00000000000066], ["S39", "S21", 25.000000000000657], ["SDP2", "S26", 83.0], ["SP1", "S34", 83.0]]}, "Ordered_routes": {"Watergeus": ["SDP2", "S20", "S1", "S2", "S10", "S4", "S8", "S9", "S3", "S40", "S32", "EDP2"], "Waterbuffel": ["SDP1", "S30", "S36", "S35", "S41", "S29", "S38", "S33", "S25", "S31", "S16", "EDP1"], "Waterval": ["SDP2", "S5", "S18", "S17", "S12", "S15", "S14", "S7", "S6", "EDP2"], "Waterman": ["SDP2", "S26", "S28", "S27", "S23", "S11", "S13", "SP1", "S34", "S19", "S37", "S22", "S24", "S39", "S21", "EDP2"]}, "Ordered_flow": {"Watergeus": [103, 91, 85, 73, 61, 55, 49, 37, 31, 19, 16], "Waterbuffel": [103, 90, 78, 66, 54, 45, 41, 29, 18, 6, 0], "Waterval": [82, 70, 58, 52, 46, 40, 28, 16, 10], "Waterman": [83, 73, 69, 62, 50, 44, 41, 83, 77, 60, 48, 36, 31, 25, 19]}, "Ordered_AIS": {"Watergeus": [[51.89740273617377, 4.460817447562738], [51.8947, 4.41337], [51.89476, 4.41325], [51.89139, 4.40466], [51.89244, 4.40254], [51.91007, 4.41681], [51.9101, 4.41653], [51.91262, 4.41539], [51.91138, 4.41792], [51.89635, 4.47896], [51.89449, 4.47617], [51.89740273617377, 4.460817447562738]], "Waterbuffel": [[51.96249648967369, 4.137689887873459], [51.96665, 4.11049], [51.96746, 4.04213], [51.96737, 4.04207], [51.96752, 4.0417], [51.95884, 4.01193], [51.95772, 4.03569], [51.95861, 4.05357], [51.95347, 4.07703], [51.95112, 4.07665], [51.95227, 4.12807], [51.96249648967369, 4.137689887873459]], "Waterval": [[51.89740273617377, 4.460817447562738], [51.8899, 4.43204], [51.88499, 4.41892], [51.88434, 4.42099], [51.88383, 4.42276], [51.88369, 4.42461], [51.87869, 4.42494], [51.88453, 4.44005], [51.88333, 4.45157], [51.89740273617377, 4.460817447562738]], "Waterman": [[51.89740273617377, 4.460817447562738], [51.90098, 4.36247], [51.9365, 4.18757], [51.94076, 4.16878], [51.9393, 4.16784], [51.94671, 4.12789], [51.95227, 4.12807], [51.96249648967369, 4.137689887873459], [51.94769, 4.16744], [51.93122, 4.19889], [51.89476, 4.27523], [51.8799, 4.27231], [51.87147, 4.31153], [51.88841, 4.36733], [51.89402, 4.3795], [51.89740273617377, 4.460817447562738]]}}