{"OBJ": 282.8313466455021, "Solving_time": 3600.1640000343323, "Routes": {"Watergeus": [["S1", "S40"], ["S11", "SP1"], ["S12", "S16"], ["S15", "EDP1"], ["S16", "S19"], ["S19", "S11"], ["S22", "S23"], ["S23", "S1"], ["S40", "S15"], ["SDP1", "S12"], ["SP1", "S22"]], "Waterbuffel": [["S9", "S33"], ["S13", "S26"], ["S26", "S35"], ["S28", "EDP2"], ["S30", "S28"], ["S31", "S9"], ["S33", "S39"], ["S34", "S30"], ["S35", "SP1"], ["S39", "S34"], ["SDP2", "S13"], ["SP1", "S31"]], "Waterval": [["S3", "SP2"], ["S4", "S25"], ["S6", "EDP2"], ["S7", "S14"], ["S10", "S6"], ["S14", "SP1"], ["S17", "S24"], ["S20", "S7"], ["S24", "S10"], ["S25", "S20"], ["S32", "S4"], ["S36", "S17"], ["S37", "S36"], ["SDP2", "S3"], ["SP1", "S37"], ["SP2", "S32"]], "Waterman": [["S2", "SP2"], ["S5", "S8"], ["S8", "S29"], ["S18", "S5"], ["S21", "S27"], ["S27", "S38"], ["S29", "EDP2"], ["S38", "S2"], ["SDP2", "S21"], ["SP2", "S18"]]}, "Flow": {"Watergeus": [["S1", "S40", 33.99999999874299], ["S11", "SP1", 20.0], ["S12", "S16", 80.0], ["S16", "S19", 67.0], ["S19", "S11", 41.0], ["S22", "S23", 84.9999999987404], ["S23", "S1", 62.999999998741536], ["S40", "S15", 24.999999999404196], ["SDP1", "S12", 103.0], ["SP1", "S22", 103.0]], "Waterbuffel": [["S9", "S33", 73.0], ["S13", "S26", 73.0], ["S26", "S35", 56.0], ["S28", "EDP2", 0.9999999999994529], ["S30", "S28", 13.999999999998906], ["S31", "S9", 85.0], ["S33", "S39", 69.0], ["S34", "S30", 18.999999999998906], ["S35", "SP1", 26.0], ["S39", "S34", 38.999999999998956], ["SDP2", "S13", 103.0], ["SP1", "S31", 103.0]], "Waterval": [["S3", "SP2", 69.00000000000068], ["S4", "S25", 49.99999999999889], ["S6", "EDP2", 20.000000000000597], ["S7", "S14", 6.999999999980854], ["S10", "S6", 39.0000000000006], ["S14", "SP1", 2.9999999999808544], ["S17", "S24", 52.0], ["S20", "S7", 33.99999999998089], ["S24", "S10", 48.0000000000006], ["S25", "S20", 34.999999999999154], ["S32", "S4", 79.0], ["S36", "S17", 78.0], ["S37", "S36", 78.0], ["SDP2", "S3", 83.0], ["SP1", "S37", 83.0], ["SP2", "S32", 83.0]], "Waterman": [["S2", "SP2", 1.999999999993591], ["S5", "S8", 52.0], ["S8", "S29", 25.000000000658574], ["S18", "S5", 79.0], ["S21", "S27", 71.99999999998718], ["S27", "S38", 45.99999999999359], ["S29", "EDP2", 19.000000000658645], ["S38", "S2", 29.99999999999359], ["SDP2", "S21", 83.0], ["SP2", "S18", 83.0]]}, "Ordered_routes": {"Watergeus": ["SDP1", "S12", "S16", "S19", "S11", "SP1", "S22", "S23", "S1", "S40", "S15", "EDP1"], "Waterbuffel": ["SDP2", "S13", "S26", "S35", "SP1", "S31", "S9", "S33", "S39", "S34", "S30", "S28", "EDP2"], "Waterval": ["SDP2", "S3", "SP2", "S32", "S4", "S25", "S20", "S7", "S14", "SP1", "S37", "S36", "S17", "S24", "S10", "S6", "EDP2"], "Waterman": ["SDP2", "S21", "S27", "S38", "S2", "SP2", "S18", "S5", "S8", "S29", "EDP2"]}, "Ordered_flow": {"Watergeus": [103.0, 80.0, 67.0, 41.0, 20.0, 103.0, 84.9999999987404, 62.999999998741536, 33.99999999874299, 24.999999999404196], "Waterbuffel": [103.0, 73.0, 56.0, 26.0, 103.0, 85.0, 73.0, 69.0, 38.999999999998956, 18.999999999998906, 13.999999999998906, 0.9999999999994529], "Waterval": [83.0, 69.00000000000068, 83.0, 79.0, 49.99999999999889, 34.999999999999154, 33.99999999998089, 6.999999999980854, 2.9999999999808544, 83.0, 78.0, 78.0, 52.0, 48.0000000000006, 39.0000000000006, 20.000000000000597], "Waterman": [83.0, 71.99999999998718, 45.99999999999359, 29.99999999999359, 1.999999999993591, 83.0, 79.0, 52.0, 25.000000000658574, 19.000000000658645]}}