{"OBJ": 99.39353371196756, "Solving_time": 43200.56799983978, "Routes": {"Watergeus": [["S1", "S66"], ["S2", "S41"], ["S20", "S70"], ["S23", "S46"], ["S25", "S58"], ["S27", "S47"], ["S40", "S27"], ["S41", "S25"], ["S46", "S53"], ["S47", "S65"], ["S48", "S49"], ["S49", "S20"], ["S52", "S60"], ["S53", "SP2"], ["S58", "S40"], ["S59", "S52"], ["S60", "EDP2"], ["S62", "S23"], ["S65", "S59"], ["S66", "S2"], ["S70", "S1"], ["SDP2", "S62"], ["SP2", "S48"]], "Waterbuffel": [["S4", "S50"], ["S9", "S31"], ["S10", "S12"], ["S11", "S13"], ["S12", "S18"], ["S13", "S10"], ["S18", "S9"], ["S28", "S4"], ["S29", "S28"], ["S31", "EDP2"], ["S32", "S11"], ["S33", "S38"], ["S38", "S43"], ["S39", "S56"], ["S42", "S39"], ["S43", "S44"], ["S44", "S54"], ["S45", "S29"], ["S50", "S32"], ["S54", "S45"], ["S56", "S33"], ["SDP2", "S42"]], "Waterval": [["S6", "SP1"], ["S21", "S34"], ["S22", "S30"], ["S24", "EDP1"], ["S26", "S55"], ["S30", "S26"], ["S34", "S64"], ["S36", "S68"], ["S37", "S36"], ["S55", "S24"], ["S63", "S69"], ["S64", "S22"], ["S67", "S6"], ["S68", "S63"], ["S69", "S67"], ["SDP1", "S37"], ["SP1", "S21"]], "Waterman": [["S3", "S8"], ["S5", "S35"], ["S7", "S3"], ["S8", "EDP2"], ["S14", "S7"], ["S15", "S14"], ["S16", "S19"], ["S17", "S16"], ["S19", "S61"], ["S35", "S15"], ["S51", "S5"], ["S57", "S51"], ["S61", "S57"], ["SDP2", "S17"]]}, "Flow": {"Watergeus": [["S1", "S66", 75.0], ["S2", "S41", 65.0], ["S20", "S70", 85.0], ["S23", "S46", 91.00000000000526], ["S25", "S58", 54.0], ["S27", "S47", 36.0], ["S40", "S27", 42.0], ["S41", "S25", 59.0], ["S46", "S53", 85.00000000000526], ["S47", "S65", 32.0], ["S48", "S49", 97.0], ["S49", "S20", 91.0], ["S52", "S60", 15.0], ["S53", "SP2", 79.00000000000526], ["S58", "S40", 48.0], ["S59", "S52", 21.0], ["S60", "EDP2", 9.0], ["S62", "S23", 97.00000000000523], ["S65", "S59", 26.0], ["S66", "S2", 70.0], ["S70", "S1", 80.0], ["SDP2", "S62", 103.0], ["SP2", "S48", 103.0]], "Waterbuffel": [["S4", "S50", 44.0], ["S9", "S31", 8.0], ["S10", "S12", 18.0], ["S11", "S13", 26.0], ["S12", "S18", 16.0], ["S13", "S10", 20.0], ["S18", "S9", 10.0], ["S28", "S4", 50.0], ["S29", "S28", 56.0], ["S31", "EDP2", 2.0], ["S32", "S11", 32.0], ["S33", "S38", 83.0], ["S38", "S43", 79.0], ["S39", "S56", 91.0], ["S42", "S39", 97.0], ["S43", "S44", 74.0], ["S44", "S54", 71.0], ["S45", "S29", 62.0], ["S50", "S32", 38.0], ["S54", "S45", 66.0], ["S56", "S33", 87.0], ["SDP2", "S42", 103.0]], "Waterval": [["S6", "SP1", 43.00000000006898], ["S21", "S34", 77.0], ["S22", "S30", 55.0], ["S24", "EDP1", 17.0], ["S26", "S55", 38.0], ["S30", "S26", 44.0], ["S34", "S64", 71.0], ["S36", "S68", 72.00000000006898], ["S37", "S36", 78.00000000006898], ["S55", "S24", 23.0], ["S63", "S69", 60.99999999993102], ["S64", "S22", 61.0], ["S67", "S6", 48.99999999993101], ["S68", "S63", 67.0], ["S69", "S67", 54.99999999993101], ["SDP1", "S37", 83.0], ["SP1", "S21", 83.0]], "Waterman": [["S3", "S8", 19.000000000001496], ["S5", "S35", 45.00000000000105], ["S7", "S3", 25.000000000001457], ["S8", "EDP2", 13.000000000001531], ["S14", "S7", 31.000000000001414], ["S15", "S14", 37.000000000001315], ["S16", "S19", 75.0], ["S17", "S16", 77.0], ["S19", "S61", 69.0000000000012], ["S35", "S15", 43.00000000000115], ["S51", "S5", 51.000000000000256], ["S57", "S51", 56.99999999999913], ["S61", "S57", 63.0], ["SDP2", "S17", 83.0]]}, "Ordered_routes": {"Watergeus": ["SDP2", "S62", "S23", "S46", "S53", "SP2", "S48", "S49", "S20", "S70", "S1", "S66", "S2", "S41", "S25", "S58", "S40", "S27", "S47", "S65", "S59", "S52", "S60", "EDP2"], "Waterbuffel": ["SDP2", "S42", "S39", "S56", "S33", "S38", "S43", "S44", "S54", "S45", "S29", "S28", "S4", "S50", "S32", "S11", "S13", "S10", "S12", "S18", "S9", "S31", "EDP2"], "Waterval": ["SDP1", "S37", "S36", "S68", "S63", "S69", "S67", "S6", "SP1", "S21", "S34", "S64", "S22", "S30", "S26", "S55", "S24", "EDP1"], "Waterman": ["SDP2", "S17", "S16", "S19", "S61", "S57", "S51", "S5", "S35", "S15", "S14", "S7", "S3", "S8", "EDP2"]}, "Ordered_flow": {"Watergeus": [103, 97, 91, 85, 79, 103, 97, 91, 85, 80, 75, 70, 65, 59, 54, 48, 42, 36, 32, 26, 21, 15, 9], "Waterbuffel": [103, 97, 91, 87, 83, 79, 74, 71, 66, 62, 56, 50, 44, 38, 32, 26, 20, 18, 16, 10, 8, 2], "Waterval": [83, 78, 72, 67, 60, 54, 48, 43, 83, 77, 71, 61, 55, 44, 38, 23, 17], "Waterman": [83, 77, 75, 69, 63, 56, 51, 45, 43, 37, 31, 25, 19, 13]}, "Ordered_AIS": {"Watergeus": [[51.89740273617377, 4.460817447562738], [51.89455, 4.3682], [51.89207, 4.34007], [51.88961, 4.31678], [51.88935, 4.31651], [51.889365439900516, 4.313357332833194], [51.88861, 4.31147], [51.88453, 4.29212], [51.89548, 4.27466], [51.92218, 4.21817], [51.92977, 4.20015], [51.9307, 4.19839], [51.92376, 4.19691], [51.89368, 4.2308], [51.88165, 4.26796], [51.88024, 4.27168], [51.87551, 4.27523], [51.87655, 4.29373], [51.87921, 4.29908], [51.88741, 4.35789], [51.88822, 4.35771], [51.8894, 4.36304], [51.89013, 4.36755], [51.89740273617377, 4.460817447562738]], "Waterbuffel": [[51.89740273617377, 4.460817447562738], [51.89449, 4.47617], [51.89449, 4.47617], [51.89672, 4.47934], [51.89715, 4.48147], [51.89845, 4.48188], [51.8989, 4.48716], [51.89938, 4.48719], [51.90033, 4.49166], [51.90038, 4.4931], [51.91237, 4.4191], [51.91186, 4.41411], [51.90799, 4.41633], [51.90634, 4.41563], [51.89231, 4.40288], [51.89168, 4.40374], [51.88649, 4.41056], [51.88976, 4.41547], [51.88856, 4.41875], [51.88321, 4.4259], [51.88324, 4.42595], [51.88328, 4.426], [51.89740273617377, 4.460817447562738]], "Waterval": [[51.96249648967369, 4.137689887873459], [51.95619, 4.15004], [51.9558, 4.15005], [51.94583, 4.17032], [51.94556, 4.17093], [51.94053, 4.17114], [51.9449, 4.16106], [51.95277, 4.14603], [51.96249648967369, 4.137689887873459], [51.95866, 4.11265], [51.94191, 4.03496], [51.9574, 4.01285], [51.96045, 4.03267], [51.96856, 4.03815], [51.95903, 4.05299], [51.96316, 4.0943], [51.96068, 4.10749], [51.96249648967369, 4.137689887873459]], "Waterman": [[51.89740273617377, 4.460817447562738], [51.90497, 4.39101], [51.90601, 4.38721], [51.89328, 4.36782], [51.89211, 4.36745], [51.89169, 4.36698], [51.89077, 4.36696], [51.88014, 4.40176], [51.87913, 4.40895], [51.88016, 4.41258], [51.87806, 4.42321], [51.88033, 4.43906], [51.88285, 4.45318], [51.88536, 4.45562], [51.89740273617377, 4.460817447562738]]}}