{"OBJ": 71.93433109500239, "Solving_time": 14400.235000133514, "Routes": {"Watergeus": [["S5", "S26"], ["S7", "S10"], ["S10", "S5"], ["S15", "S23"], ["S19", "S15"], ["S23", "EDP2"], ["S26", "S19"], ["SDP2", "S7"]], "Waterbuffel": [["S4", "S18"], ["S9", "S32"], ["S11", "S20"], ["S18", "S30"], ["S20", "S36"], ["S30", "S38"], ["S32", "S11"], ["S33", "S9"], ["S36", "S4"], ["S38", "EDP2"], ["SDP2", "S33"]], "Waterval": [["S1", "S3"], ["S2", "S28"], ["S3", "S6"], ["S6", "S2"], ["S17", "S1"], ["S22", "EDP2"], ["S27", "S22"], ["S28", "S37"], ["S31", "S27"], ["S37", "S31"], ["SDP2", "S17"]], "Waterman": [["S8", "SP1"], ["S12", "S29"], ["S13", "S14"], ["S14", "S16"], ["S16", "S8"], ["S21", "S24"], ["S24", "S35"], ["S25", "S39"], ["S29", "S34"], ["S34", "S25"], ["S35", "S13"], ["S39", "S21"], ["SDP1", "S12"], ["SP1", "EDP1"]]}, "Flow": {"Watergeus": [["S5", "S26", 91.00000000000699], ["S7", "S10", 97.0], ["S10", "S5", 92.99999999998562], ["S15", "S23", 74.00000000004661], ["S19", "S15", 80.00000000003811], ["S23", "EDP2", 60.00000000004667], ["S26", "S19", 86.00000000001958], ["SDP2", "S7", 103.0]], "Waterbuffel": [["S4", "S18", 38.00000000001464], ["S9", "S32", 85.00000000001133], ["S11", "S20", 61.00000000001239], ["S18", "S30", 35.000000000014914], ["S20", "S36", 50.0000000000136], ["S30", "S38", 29.000000000015472], ["S32", "S11", 73.00000000001137], ["S33", "S9", 97.00000000001103], ["S36", "S4", 44.000000000014545], ["S38", "EDP2", 23.00000000002005], ["SDP2", "S33", 103.0]], "Waterval": [["S1", "S3", 65.0], ["S2", "S28", 38.0], ["S3", "S6", 56.0], ["S6", "S2", 50.0], ["S17", "S1", 71.00000000000395], ["S22", "EDP2", 9.0], ["S27", "S22", 15.0], ["S28", "S37", 33.0], ["S31", "S27", 21.0], ["S37", "S31", 27.0], ["SDP2", "S17", 83.0]], "Waterman": [["S8", "SP1", 10.999999999988752], ["S12", "S29", 77.0], ["S13", "S14", 22.99991554965723], ["S14", "S16", 17.999999999988752], ["S16", "S8", 14.999999999988752], ["S21", "S24", 49.9999458989317], ["S24", "S35", 39.9999458989317], ["S25", "S39", 58.9999458989317], ["S29", "S34", 72.0], ["S34", "S25", 63.999915549668565], ["S35", "S13", 34.999945898920366], ["S39", "S21", 54.9999458989317], ["SDP1", "S12", 83.0], ["SP1", "EDP1", 83.0]]}, "Ordered_routes": {"Watergeus": ["SDP2", "S7", "S10", "S5", "S26", "S19", "S15", "S23", "EDP2"], "Waterbuffel": ["SDP2", "S33", "S9", "S32", "S11", "S20", "S36", "S4", "S18", "S30", "S38", "EDP2"], "Waterval": ["SDP2", "S17", "S1", "S3", "S6", "S2", "S28", "S37", "S31", "S27", "S22", "EDP2"], "Waterman": ["SDP1", "S12", "S29", "S34", "S25", "S39", "S21", "S24", "S35", "S13", "S14", "S16", "S8", "SP1", "EDP1"]}, "Ordered_flow": {"Watergeus": [103, 97, 92, 91, 86, 80, 74, 60], "Waterbuffel": [103, 97, 85, 73, 61, 50, 44, 38, 35, 29, 23], "Waterval": [83, 71, 65, 56, 50, 38, 33, 27, 21, 15, 9], "Waterman": [83, 77, 72, 63, 58, 54, 49, 39, 34, 22, 17, 14, 10, 83]}, "Ordered_AIS": {"Watergeus": [[51.89740273617377, 4.460817447562738], [51.89913, 4.4883], [51.89933, 4.48912], [51.90038, 4.49182], [51.90077, 4.49322], [51.89755, 4.48862], [51.89449, 4.47617], [51.88633, 4.44914], [51.89740273617377, 4.460817447562738]], "Waterbuffel": [[51.89740273617377, 4.460817447562738], [51.89433, 4.44649], [51.88606, 4.41301], [51.8809, 4.39405], [51.87623, 4.31172], [51.88541, 4.29536], [51.8895, 4.31685], [51.89159, 4.36431], [51.88484, 4.41815], [51.8804, 4.43734], [51.88333, 4.45157], [51.89740273617377, 4.460817447562738]], "Waterval": [[51.89740273617377, 4.460817447562738], [51.90241, 4.44385], [51.90251, 4.44236], [51.90536, 4.42895], [51.91176, 4.42314], [51.90887, 4.41585], [51.90487, 4.37859], [51.90484, 4.37878], [51.90086, 4.39503], [51.8974, 4.42089], [51.8974, 4.42089], [51.89740273617377, 4.460817447562738]], "Waterman": [[51.96249648967369, 4.137689887873459], [51.94078, 4.16845], [51.92496, 4.19837], [51.91592, 4.21729], [51.88218, 4.26533], [51.88029, 4.27147], [51.87998, 4.27197], [51.8758, 4.27338], [51.8807, 4.27323], [51.88526, 4.27974], [51.94287, 4.1763], [51.95773, 4.14687], [51.95905, 4.14367], [51.96249648967369, 4.137689887873459], [51.96249648967369, 4.137689887873459]]}}