{"OBJ": 76.2812428523464, "Solving_time": 14400.421000003815, "Routes": {"Watergeus": [["S1", "S2"], ["S2", "S9"], ["S3", "S1"], ["S4", "S3"], ["S7", "S14"], ["S9", "S11"], ["S10", "EDP2"], ["S11", "S16"], ["S14", "S10"], ["S16", "S7"], ["SDP2", "S4"]], "Waterbuffel": [["S8", "S15"], ["S13", "EDP2"], ["S15", "S20"], ["S17", "S13"], ["S20", "S28"], ["S21", "S40"], ["S22", "S21"], ["S28", "S22"], ["S30", "S17"], ["S40", "S30"], ["SDP2", "S8"]], "Waterval": [["S5", "EDP2"], ["S6", "S36"], ["S12", "S5"], ["S19", "S12"], ["S25", "S26"], ["S26", "S19"], ["S29", "S6"], ["S32", "S29"], ["S34", "S37"], ["S35", "S39"], ["S36", "S25"], ["S37", "S32"], ["S39", "S34"], ["SDP2", "S35"]], "Waterman": [["S18", "S38"], ["S23", "S27"], ["S24", "S23"], ["S27", "EDP1"], ["S31", "S33"], ["S33", "S24"], ["S38", "S31"], ["SDP1", "S18"]]}, "Flow": {"Watergeus": [["S1", "S2", 90.0], ["S2", "S9", 84.0], ["S3", "S1", 91.0], ["S4", "S3", 97.0], ["S7", "S14", 42.0], ["S9", "S11", 78.0], ["S10", "EDP2", 30.0], ["S11", "S16", 66.0], ["S14", "S10", 36.0], ["S16", "S7", 54.0], ["SDP2", "S4", 103.0]], "Waterbuffel": [["S8", "S15", 96.9999999985246], ["S13", "EDP2", 30.0], ["S15", "S20", 91.0], ["S17", "S13", 36.0], ["S20", "S28", 87.0], ["S21", "S40", 57.0], ["S22", "S21", 63.0], ["S28", "S22", 75.0], ["S30", "S17", 39.0], ["S40", "S30", 51.0], ["SDP2", "S8", 103.0]], "Waterval": [["S5", "EDP2", 0.0], ["S6", "S36", 42.0], ["S12", "S5", 12.0], ["S19", "S12", 14.0], ["S25", "S26", 30.999999999999996], ["S26", "S19", 19.0], ["S29", "S6", 47.0], ["S32", "S29", 51.0], ["S34", "S37", 68.0], ["S35", "S39", 78.0], ["S36", "S25", 36.0], ["S37", "S32", 56.0], ["S39", "S34", 74.0], ["SDP2", "S35", 83.0]], "Waterman": [["S18", "S38", 77.00000000000023], ["S23", "S27", 44.0], ["S24", "S23", 50.0], ["S27", "EDP1", 33.0], ["S31", "S33", 62.0], ["S33", "S24", 56.0], ["S38", "S31", 74.0], ["SDP1", "S18", 83.0]]}, "Ordered_routes": {"Watergeus": ["SDP2", "S4", "S3", "S1", "S2", "S9", "S11", "S16", "S7", "S14", "S10", "EDP2"], "Waterbuffel": ["SDP2", "S8", "S15", "S20", "S28", "S22", "S21", "S40", "S30", "S17", "S13", "EDP2"], "Waterval": ["SDP2", "S35", "S39", "S34", "S37", "S32", "S29", "S6", "S36", "S25", "S26", "S19", "S12", "S5", "EDP2"], "Waterman": ["SDP1", "S18", "S38", "S31", "S33", "S24", "S23", "S27", "EDP1"]}, "Ordered_flow": {"Watergeus": [103, 97, 91, 90, 84, 78, 66, 54, 42, 36, 30], "Waterbuffel": [103, 96, 91, 87, 75, 63, 57, 51, 39, 36, 30], "Waterval": [83, 78, 74, 68, 56, 51, 47, 42, 36, 30, 19, 14, 12, 0], "Waterman": [83, 77, 74, 62, 56, 50, 44, 33]}, "Ordered_AIS": {"Watergeus": [[51.89740273617377, 4.460817447562738], [51.8964, 4.47892], [51.90337, 4.53587], [51.89449, 4.47617], [51.89449, 4.47617], [51.88333, 4.45157], [51.87973, 4.44468], [51.88025, 4.43753], [51.88033, 4.43694], [51.88036, 4.43753], [51.88664, 4.44727], [51.89740273617377, 4.460817447562738]], "Waterbuffel": [[51.89740273617377, 4.460817447562738], [51.89166, 4.43677], [51.88368, 4.42444], [51.88324, 4.42595], [51.88282, 4.42676], [51.87779, 4.42354], [51.88024, 4.42188], [51.8864, 4.41101], [51.88983, 4.41476], [51.91235, 4.41919], [51.89672, 4.43121], [51.89740273617377, 4.460817447562738]], "Waterval": [[51.89740273617377, 4.460817447562738], [51.90449, 4.35423], [51.89996, 4.32267], [51.89996, 4.32267], [51.89119, 4.2737], [51.89119, 4.2737], [51.88385, 4.26917], [51.88081, 4.26587], [51.88399, 4.2907], [51.88502, 4.29272], [51.88877, 4.31181], [51.88054, 4.34912], [51.89088, 4.36695], [51.89214, 4.36728], [51.89740273617377, 4.460817447562738]], "Waterman": [[51.96249648967369, 4.137689887873459], [51.95108, 4.0765], [51.93021, 4.04425], [51.94468, 4.03016], [51.94468, 4.03016], [51.95728, 4.00994], [51.95786, 4.0087], [51.95898, 4.05177], [51.96249648967369, 4.137689887873459]]}}