{"OBJ": 328.48938010447824, "Solving_time": 86400.59400010109, "Routes": {"Watergeus": [["S3", "S14"], ["S7", "S51"], ["S10", "S24"], ["S14", "S10"], ["S16", "S17"], ["S17", "S18"], ["S18", "S37"], ["S23", "S42"], ["S24", "SP2"], ["S37", "S7"], ["S42", "SP3"], ["S49", "S58"], ["S51", "EDP2"], ["S56", "S57"], ["S57", "S49"], ["S58", "SP1"], ["SDP2", "S56"], ["SP1", "S3"], ["SP2", "S23"], ["SP3", "S16"]], "Waterbuffel": [["S5", "S35"], ["S6", "S5"], ["S13", "EDP2"], ["S20", "S32"], ["S22", "S31"], ["S28", "S47"], ["S30", "S50"], ["S31", "S20"], ["S32", "S34"], ["S33", "S54"], ["S34", "S48"], ["S35", "S13"], ["S39", "S44"], ["S44", "SP2"], ["S45", "SP1"], ["S46", "S39"], ["S47", "S46"], ["S48", "S45"], ["S50", "S28"], ["S52", "S33"], ["S54", "S6"], ["SDP2", "S30"], ["SP1", "S52"], ["SP2", "S22"]], "Waterval": [["S1", "S40"], ["S4", "S12"], ["S8", "S21"], ["S12", "S55"], ["S19", "S59"], ["S21", "S19"], ["S40", "SP2"], ["S55", "EDP2"], ["S59", "S1"], ["SDP2", "S8"], ["SP2", "S4"]], "Waterman": [["S2", "S27"], ["S9", "SP1"], ["S11", "S36"], ["S15", "S38"], ["S25", "S15"], ["S26", "EDP1"], ["S27", "S26"], ["S29", "S11"], ["S36", "S60"], ["S38", "S2"], ["S41", "S43"], ["S43", "S9"], ["S53", "S29"], ["S60", "SP2"], ["SDP1", "S41"], ["SP1", "S53"], ["SP2", "S25"]]}, "Flow": {"Watergeus": [["S3", "S14", 93.0], ["S7", "S51", 14.000000000000043], ["S10", "S24", 48.0], ["S14", "S10", 73.0], ["S16", "S17", 87.00000000000004], ["S17", "S18", 65.00000000000003], ["S18", "S37", 58.000000000000036], ["S23", "S42", 75.99999999991687], ["S24", "S16", 1.250256786988757e-09], ["S24", "SP2", 23.00000000363057], ["S37", "S7", 34.00000000000004], ["S42", "SP3", 49.99999999991687], ["S49", "S58", 78.0000000013548], ["S51", "EDP2", 1.0000000000000426], ["S56", "S57", 100.00000000125021], ["S57", "S49", 97.0000000013548], ["S58", "S60", 9.615064300305676e-11], ["S58", "SP1", 49.000000001258655], ["SDP2", "S56", 103.0], ["SP1", "S3", 103.0], ["SP2", "S23", 103.0], ["SP3", "S16", 103.0]], "Waterbuffel": [["S5", "S35", 19.0], ["S6", "S5", 36.0], ["S13", "EDP2", 7.0], ["S20", "S32", 55.00000000007728], ["S22", "S31", 92.0], ["S28", "S47", 48.9999999951192], ["S30", "S50", 97.0], ["S31", "S20", 64.0], ["S32", "S34", 38.00000000007728], ["S33", "S54", 69.0], ["S34", "S48", 23.0], ["S34", "EDP2", 7.72786279412685e-11], ["S35", "S13", 10.0], ["S39", "S44", 31.99999999511918], ["S44", "SP2", 1.999999995119179], ["S45", "SP1", 11.000000000000007], ["S46", "S39", 31.99999999511918], ["S47", "S46", 45.99999999511918], ["S48", "S45", 23.000000000000014], ["S50", "S18", 2.6645352591003757e-15], ["S50", "S28", 73.00000000000003], ["S52", "S33", 82.0], ["S54", "S6", 55.0], ["SDP2", "S30", 103.0], ["SP1", "S52", 103.0], ["SP2", "S22", 103.0]], "Waterval": [["S1", "S40", 28.0], ["S4", "S12", 53.0], ["S8", "S21", 62.0], ["S12", "S55", 42.0], ["S19", "S59", 34.0], ["S21", "S19", 45.0], ["S40", "SP2", 1.0], ["S55", "EDP2", 15.0], ["S59", "S1", 30.0], ["SDP2", "S8", 83.0], ["SP2", "S4", 83.0]], "Waterman": [["S2", "S27", 19.999999998791637], ["S9", "SP1", 6.00000000007374], ["S11", "S36", 47.00000000120836], ["S15", "S38", 33.0], ["S25", "S15", 63.0], ["S26", "EDP1", 4.999999998613305], ["S27", "S26", 16.999999998791637], ["S29", "S11", 74.00000000120836], ["S36", "S60", 31.000000001208363], ["S38", "S2", 22.999999998791637], ["S41", "S43", 63.0], ["S43", "S9", 36.00000000007374], ["S53", "S29", 76.0], ["S60", "SP2", 2.000000001304514], ["SDP1", "S41", 83.0], ["SP1", "S53", 83.0], ["SP2", "S25", 83.0]]}, "Ordered_routes": {"Watergeus": ["SDP2", "S56", "S57", "S49", "S58", "SP1", "S3", "S14", "S10", "S24", "SP2", "S23", "S42", "SP3", "S16", "S17", "S18", "S37", "S7", "S51", "EDP2"], "Waterbuffel": ["SDP2", "S30", "S50", "S28", "S47", "S46", "S39", "S44", "SP2", "S22", "S31", "S20", "S32", "S34", "S48", "S45", "SP1", "S52", "S33", "S54", "S6", "S5", "S35", "S13", "EDP2"], "Waterval": ["SDP2", "S8", "S21", "S19", "S59", "S1", "S40", "SP2", "S4", "S12", "S55", "EDP2"], "Waterman": ["SDP1", "S41", "S43", "S9", "SP1", "S53", "S29", "S11", "S36", "S60", "SP2", "S25", "S15", "S38", "S2", "S27", "S26", "EDP1"]}, "Ordered_flow": {"Watergeus": [103.0, 100.00000000125021, 97.0000000013548, 78.0000000013548, 49.000000001258655, 103.0, 93.0, 73.0, 48.0, 23.00000000363057, 103.0, 75.99999999991687, 49.99999999991687, 103.0, 87.00000000000004, 65.00000000000003, 58.000000000000036, 34.00000000000004, 14.000000000000043, 1.0000000000000426], "Waterbuffel": [103.0, 97.0, 73.00000000000003, 48.9999999951192, 45.99999999511918, 31.99999999511918, 31.99999999511918, 1.999999995119179, 103.0, 92.0, 64.0, 55.00000000007728, 38.00000000007728, 7.72786279412685e-11], "Waterval": [83.0, 62.0, 45.0, 34.0, 30.0, 28.0, 1.0, 83.0, 53.0, 42.0, 15.0], "Waterman": [83.0, 63.0, 36.00000000007374, 6.00000000007374, 83.0, 76.0, 74.00000000120836, 47.00000000120836, 31.000000001208363, 2.000000001304514, 83.0, 63.0, 33.0, 22.999999998791637, 19.999999998791637, 16.999999998791637, 4.999999998613305]}}