{"OBJ": 113.48002056484029, "Solving_time": 21600.176999807358, "Routes": {"Watergeus": [["S5", "S12"], ["S7", "S53"], ["S8", "S48"], ["S9", "S5"], ["S12", "S7"], ["S14", "S22"], ["S22", "S8"], ["S26", "S44"], ["S28", "S36"], ["S35", "S42"], ["S36", "S37"], ["S37", "S14"], ["S42", "S28"], ["S44", "S50"], ["S47", "EDP2"], ["S48", "S9"], ["S50", "S35"], ["S53", "S56"], ["S56", "S58"], ["S58", "S47"], ["SDP2", "S26"]], "Waterbuffel": [["S1", "S54"], ["S2", "S1"], ["S13", "S33"], ["S31", "S13"], ["S32", "S43"], ["S33", "S32"], ["S40", "S31"], ["S41", "EDP1"], ["S43", "S52"], ["S52", "S41"], ["S54", "S40"], ["SDP1", "S2"]], "Waterval": [["S4", "S24"], ["S10", "S15"], ["S15", "S4"], ["S16", "S39"], ["S18", "S19"], ["S19", "S45"], ["S20", "EDP2"], ["S24", "S51"], ["S30", "S38"], ["S38", "S16"], ["S39", "S20"], ["S45", "S30"], ["S46", "S10"], ["S49", "S60"], ["S51", "S49"], ["S55", "SP2"], ["S57", "S55"], ["S60", "S57"], ["SDP2", "S46"], ["SP2", "S18"]], "Waterman": [["S3", "S25"], ["S6", "EDP2"], ["S11", "S23"], ["S17", "S27"], ["S21", "S34"], ["S23", "S6"], ["S25", "S21"], ["S27", "S11"], ["S29", "S3"], ["S34", "S17"], ["S59", "S29"], ["SDP2", "S59"]]}, "Flow": {"Watergeus": [["S5", "S12", 32.000000000067644], ["S7", "S53", 23.000000000067644], ["S8", "S48", 41.000000000067644], ["S9", "S5", 36.000000000067644], ["S12", "S7", 29.000000000067644], ["S14", "S22", 52.000000000067644], ["S22", "S8", 47.000000000067644], ["S26", "S44", 97.00000000000328], ["S28", "S36", 68.00000000006764], ["S35", "S42", 80.0], ["S36", "S37", 62.000000000067644], ["S37", "S14", 56.000000000067644], ["S42", "S28", 74.00000000006764], ["S44", "S50", 92.0], ["S47", "EDP2", 5.000000000067644], ["S48", "S9", 38.000000000067644], ["S50", "S35", 86.0], ["S53", "S56", 17.000000000067644], ["S56", "S58", 13.000000000067644], ["S58", "S47", 9.000000000067644], ["SDP2", "S26", 103.0]], "Waterbuffel": [["S1", "S54", 71.99999999873177], ["S2", "S1", 78.0], ["S13", "S33", 43.99999999379644], ["S31", "S13", 53.9999999949885], ["S32", "S43", 35.99999999098308], ["S33", "S32", 40.999999992355924], ["S40", "S31", 59.99999999618408], ["S41", "EDP1", 17.99999998975475], ["S43", "S52", 29.99999998975475], ["S52", "S41", 23.99999998975475], ["S54", "S40", 65.99999999752372], ["SDP1", "S2", 103.0]], "Waterval": [["S4", "S24", 59.999999999969305], ["S10", "S15", 70.9999999999693], ["S15", "S4", 64.9999999999693], ["S16", "S39", 50.99997256193184], ["S18", "S19", 79.99997256193184], ["S19", "S45", 73.99997256193184], ["S20", "EDP2", 39.999972561864205], ["S24", "S51", 53.99994890839408], ["S30", "S38", 61.99997256193184], ["S38", "S16", 55.99997256193184], ["S39", "S20", 45.999972561864205], ["S45", "S30", 67.99997256193184], ["S46", "S10", 77.00000000002888], ["S49", "S60", 41.999960262077465], ["S51", "S49", 47.99995458523578], ["S55", "SP2", 23.999870378750643], ["S57", "S55", 29.99986470190898], ["S60", "S57", 35.999931877869], ["SDP2", "S46", 83.0], ["SP2", "S18", 82.99984294321321]], "Waterman": [["S3", "S25", 68.99999999999822], ["S6", "EDP2", 26.0], ["S11", "S23", 36.0], ["S17", "S27", 48.0], ["S21", "S34", 59.0], ["S23", "S6", 32.0], ["S25", "S21", 63.99999999999119], ["S27", "S11", 42.0], ["S29", "S3", 74.0], ["S34", "S17", 53.0], ["S59", "S29", 80.00000000000271], ["SDP2", "S59", 83.0]]}, "Ordered_routes": {"Watergeus": ["SDP2", "S26", "S44", "S50", "S35", "S42", "S28", "S36", "S37", "S14", "S22", "S8", "S48", "S9", "S5", "S12", "S7", "S53", "S56", "S58", "S47", "EDP2"], "Waterbuffel": ["SDP1", "S2", "S1", "S54", "S40", "S31", "S13", "S33", "S32", "S43", "S52", "S41", "EDP1"], "Waterval": ["SDP2", "S46", "S10", "S15", "S4", "S24", "S51", "S49", "S60", "S57", "S55", "SP2", "S18", "S19", "S45", "S30", "S38", "S16", "S39", "S20", "EDP2"], "Waterman": ["SDP2", "S59", "S29", "S3", "S25", "S21", "S34", "S17", "S27", "S11", "S23", "S6", "EDP2"]}, "Ordered_flow": {"Watergeus": [103, 97, 92, 86, 80, 74, 68, 62, 56, 52, 47, 41, 38, 36, 32, 29, 23, 17, 13, 9, 5], "Waterbuffel": [103, 78, 71, 65, 59, 53, 43, 40, 35, 29, 23, 17], "Waterval": [83, 77, 70, 64, 59, 53, 47, 41, 35, 29, 23, 82, 79, 73, 67, 61, 55, 50, 45, 39], "Waterman": [83, 80, 74, 68, 63, 59, 53, 48, 42, 36, 32, 26]}, "Ordered_AIS": {"Watergeus": [[51.89740273617377, 4.460817447562738], [51.88766, 4.37198], [51.88904, 4.31729], [51.88958, 4.31681], [51.90677, 4.26817], [51.92118, 4.21733], [51.92128, 4.21689], [51.92199, 4.21649], [51.92201, 4.21647], [51.90327, 4.34992], [51.90287, 4.35004], [51.90401, 4.35258], [51.91029, 4.41416], [51.90924, 4.46254], [51.90503, 4.46498], [51.91332, 4.48647], [51.91388, 4.48737], [51.89996, 4.48988], [51.8999, 4.49256], [51.89803, 4.49045], [51.89449, 4.47617], [51.89740273617377, 4.460817447562738]], "Waterbuffel": [[51.96249648967369, 4.137689887873459], [51.97294, 4.13193], [51.95757, 4.03968], [51.95084, 4.12594], [51.94629, 4.16036], [51.93, 4.19271], [51.93122, 4.19889], [51.93283, 4.19478], [51.93407, 4.19377], [51.94672, 4.16944], [51.95695, 4.14805], [51.95708, 4.14813], [51.96249648967369, 4.137689887873459]], "Waterval": [[51.89740273617377, 4.460817447562738], [51.88333, 4.45157], [51.88416, 4.42155], [51.88469, 4.41894], [51.88574, 4.41512], [51.88636, 4.41197], [51.87122, 4.31167], [51.87132, 4.31131], [51.87623, 4.31172], [51.87732, 4.31075], [51.88059, 4.30941], [51.889365439900516, 4.313357332833194], [51.88408, 4.28656], [51.88023, 4.27067], [51.89698, 4.22429], [51.89864, 4.22249], [51.89863, 4.22366], [51.89869, 4.22385], [51.89852, 4.22388], [51.89531, 4.36593], [51.89740273617377, 4.460817447562738]], "Waterman": [[51.89740273617377, 4.460817447562738], [51.89646, 4.42614], [51.8949, 4.41334], [51.89468, 4.41274], [51.8919, 4.40511], [51.9081, 4.4196], [51.90833, 4.41821], [51.90898, 4.41848], [51.91227, 4.41769], [51.91176, 4.42314], [51.91176, 4.42314], [51.90229, 4.44332], [51.89740273617377, 4.460817447562738]]}}