{"OBJ": 104.08187855851824, "Solving_time": 21600.2460000515, "Routes": {"Watergeus": [["S1", "S2"], ["S2", "EDP1"], ["S12", "S30"], ["S29", "S12"], ["S30", "S37"], ["S37", "S50"], ["S38", "S48"], ["S39", "S29"], ["S48", "S39"], ["S50", "S1"], ["SDP1", "S38"]], "Waterbuffel": [["S4", "EDP2"], ["S15", "S36"], ["S17", "S22"], ["S18", "S17"], ["S22", "S4"], ["S24", "S40"], ["S26", "S28"], ["S28", "S35"], ["S32", "S34"], ["S33", "S26"], ["S34", "S33"], ["S35", "S15"], ["S36", "S41"], ["S40", "SP2"], ["S41", "S18"], ["SDP2", "S24"], ["SP2", "S32"]], "Waterval": [["S3", "S14"], ["S5", "SP3"], ["S7", "S9"], ["S9", "S5"], ["S10", "S42"], ["S14", "S10"], ["S27", "S3"], ["S42", "EDP2"], ["S43", "S54"], ["S49", "S7"], ["S52", "S49"], ["S54", "S52"], ["S55", "S27"], ["SDP2", "S43"], ["SP3", "S55"]], "Waterman": [["S6", "EDP2"], ["S8", "S13"], ["S11", "S21"], ["S13", "S46"], ["S16", "S25"], ["S19", "S8"], ["S20", "S16"], ["S21", "S6"], ["S23", "S19"], ["S25", "S11"], ["S31", "S20"], ["S44", "S31"], ["S45", "S47"], ["S46", "SP2"], ["S47", "S44"], ["S51", "S53"], ["S53", "S45"], ["SDP2", "S23"], ["SP2", "S51"]]}, "Flow": {"Watergeus": [["S1", "S2", 43.00000000002598], ["S2", "EDP1", 18.000000000029075], ["S12", "S30", 70.00000000001968], ["S29", "S12", 80.00000000001138], ["S30", "S37", 67.00000000002305], ["S37", "S50", 61.00000000002594], ["S38", "S48", 97.0], ["S39", "S29", 85.0000000000096], ["S48", "S39", 91.00000000000577], ["S50", "S1", 55.000000000025956], ["SDP1", "S38", 103.0]], "Waterbuffel": [["S4", "EDP2", 1.0000000000119134], ["S15", "S36", 44.00000000000569], ["S17", "S22", 18.00000000000483], ["S18", "S17", 21.0], ["S22", "S4", 6.000000000006654], ["S24", "S40", 97.0], ["S26", "S28", 73.00000000002541], ["S28", "S35", 61.000000000019526], ["S32", "S34", 97.00000000000333], ["S33", "S26", 79.00000000002946], ["S34", "S33", 85.00000000003666], ["S35", "S15", 49.00000000001229], ["S36", "S41", 39.0], ["S40", "SP2", 86.0], ["S41", "S18", 32.99999999999238], ["SDP2", "S24", 103.0], ["SP2", "S32", 103.0]], "Waterval": [["S3", "S14", 57.99926054545563], ["S5", "SP3", 53.0], ["S7", "S9", 59.0], ["S9", "S5", 57.0], ["S10", "S42", 33.99926054545563], ["S14", "S10", 45.99926054545563], ["S27", "S3", 67.99926054545563], ["S42", "EDP2", 27.999260545455627], ["S43", "S54", 79.00000000000243], ["S49", "S7", 65.0], ["S52", "S49", 71.00000000000252], ["S54", "S52", 75.00000000000003], ["S55", "S27", 79.99926054545563], ["SDP2", "S43", 83.0], ["SP3", "S55", 82.99926056521754]], "Waterman": [["S6", "EDP2", 0.0], ["S8", "S13", 54.00000000000199], ["S11", "S21", 15.999999998981053], ["S13", "S46", 50.000000000001236], ["S16", "S25", 27.999999998972612], ["S19", "S8", 66.0], ["S20", "S16", 32.99999999896721], ["S21", "S6", 11.999999998985828], ["S23", "S19", 77.99999999999943], ["S25", "S11", 21.999999998977046], ["S31", "S20", 37.99999999896246], ["S44", "S31", 43.999999998957975], ["S45", "S47", 58.99999999895347], ["S46", "SP2", 44.0], ["S47", "S44", 46.99999999895457], ["S51", "S53", 77.0000000000003], ["S53", "S45", 65.00000000000185], ["SDP2", "S23", 83.0], ["SP2", "S51", 83.0]]}, "Ordered_routes": {"Watergeus": ["SDP1", "S38", "S48", "S39", "S29", "S12", "S30", "S37", "S50", "S1", "S2", "EDP1"], "Waterbuffel": ["SDP2", "S24", "S40", "SP2", "S32", "S34", "S33", "S26", "S28", "S35", "S15", "S36", "S41", "S18", "S17", "S22", "S4", "EDP2"], "Waterval": ["SDP2", "S43", "S54", "S52", "S49", "S7", "S9", "S5", "SP3", "S55", "S27", "S3", "S14", "S10", "S42", "EDP2"], "Waterman": ["SDP2", "S23", "S19", "S8", "S13", "S46", "SP2", "S51", "S53", "S45", "S47", "S44", "S31", "S20", "S16", "S25", "S11", "S21", "S6", "EDP2"]}, "Ordered_flow": {"Watergeus": [103, 97, 91, 85, 80, 70, 67, 61, 55, 43, 18], "Waterbuffel": [103, 97, 86, 103, 97, 85, 79, 73, 61, 49, 44, 39, 32, 21, 18, 6, 1], "Waterval": [83, 79, 75, 71, 65, 59, 57, 53, 82, 79, 67, 57, 45, 33, 27], "Waterman": [83, 77, 66, 54, 50, 44, 83, 77, 65, 58, 46, 43, 37, 32, 27, 21, 15, 11, 0]}, "Ordered_AIS": {"Watergeus": [[51.96249648967369, 4.137689887873459], [51.95708, 4.14813], [51.95695, 4.14805], [51.94672, 4.16944], [51.93407, 4.19377], [51.93122, 4.19889], [51.93283, 4.19478], [51.94629, 4.16036], [51.95084, 4.12594], [51.95757, 4.03968], [51.97294, 4.13193], [51.96249648967369, 4.137689887873459]], "Waterbuffel": [[51.89740273617377, 4.460817447562738], [51.88766, 4.37198], [51.88904, 4.31729], [51.889365439900516, 4.313357332833194], [51.90677, 4.26817], [51.92201, 4.21647], [51.92199, 4.21649], [51.92128, 4.21689], [51.89864, 4.22249], [51.89863, 4.22366], [51.89869, 4.22385], [51.89852, 4.22388], [51.89698, 4.22429], [51.88023, 4.27067], [51.88408, 4.28656], [51.88636, 4.41197], [51.88574, 4.41512], [51.89740273617377, 4.460817447562738]], "Waterval": [[51.89740273617377, 4.460817447562738], [51.89449, 4.47617], [51.89803, 4.49045], [51.8999, 4.49256], [51.89996, 4.48988], [51.91388, 4.48737], [51.90924, 4.46254], [51.90503, 4.46498], [51.89765499630826, 4.459774551250766], [51.89646, 4.42614], [51.8949, 4.41334], [51.89468, 4.41274], [51.88469, 4.41894], [51.88416, 4.42155], [51.88333, 4.45157], [51.89740273617377, 4.460817447562738]], "Waterman": [[51.89740273617377, 4.460817447562738], [51.8919, 4.40511], [51.89531, 4.36593], [51.90401, 4.35258], [51.90327, 4.34992], [51.88958, 4.31681], [51.889365439900516, 4.313357332833194], [51.88059, 4.30941], [51.87732, 4.31075], [51.87132, 4.31131], [51.87122, 4.31167], [51.91029, 4.41416], [51.90833, 4.41821], [51.9081, 4.4196], [51.90898, 4.41848], [51.91227, 4.41769], [51.91176, 4.42314], [51.91176, 4.42314], [51.90229, 4.44332], [51.89740273617377, 4.460817447562738]]}}