{"OBJ": 90.75403120653624, "Solving_time": 21600.35000014305, "Routes": {"Watergeus": [["S1", "S9"], ["S2", "EDP1"], ["S3", "S35"], ["S4", "S12"], ["S6", "S56"], ["S7", "S2"], ["S9", "S4"], ["S10", "S21"], ["S12", "S3"], ["S13", "S30"], ["S21", "S6"], ["S30", "S10"], ["S35", "S7"], ["S48", "S1"], ["S56", "S48"], ["SDP1", "S13"]], "Waterbuffel": [["S11", "S51"], ["S15", "S54"], ["S20", "S61"], ["S24", "S11"], ["S28", "S20"], ["S32", "S52"], ["S40", "S60"], ["S49", "S24"], ["S51", "S28"], ["S52", "EDP2"], ["S53", "S40"], ["S54", "S32"], ["S60", "S49"], ["S61", "S15"], ["SDP2", "S53"]], "Waterval": [["S5", "S59"], ["S14", "S18"], ["S16", "S26"], ["S18", "S29"], ["S23", "S16"], ["S25", "S23"], ["S26", "S33"], ["S29", "S25"], ["S33", "S5"], ["S47", "EDP2"], ["S57", "S58"], ["S58", "S47"], ["S59", "S57"], ["SDP2", "S14"]], "Waterman": [["S8", "S39"], ["S17", "S50"], ["S19", "S44"], ["S22", "SP2"], ["S27", "S31"], ["S31", "S43"], ["S34", "S8"], ["S36", "EDP2"], ["S37", "S27"], ["S38", "S37"], ["S39", "S36"], ["S41", "S45"], ["S42", "S34"], ["S43", "S41"], ["S44", "S22"], ["S45", "S42"], ["S46", "S38"], ["S50", "S19"], ["S55", "S17"], ["SDP2", "S55"], ["SP2", "S46"]]}, "Flow": {"Watergeus": [["S1", "S9", 40.0], ["S2", "EDP1", 0.0], ["S3", "S35", 17.999999988293766], ["S4", "S12", 28.0], ["S6", "S56", 58.0], ["S7", "S2", 5.999999993293766], ["S9", "S4", 34.0], ["S10", "S21", 70.0], ["S12", "S3", 22.0], ["S13", "S30", 82.0], ["S21", "S6", 64.0], ["S30", "S10", 76.0], ["S35", "S7", 11.999999993293766], ["S48", "S1", 46.0], ["S56", "S48", 52.0], ["SDP1", "S13", 103.0]], "Waterbuffel": [["S11", "S51", 70.9999999999786], ["S15", "S54", 43.9999999999786], ["S20", "S61", 55.9999999999786], ["S24", "S11", 74.9999999999786], ["S28", "S20", 59.9999999999786], ["S32", "S52", 32.9999999999786], ["S40", "S60", 91.0], ["S49", "S24", 80.9999999999786], ["S51", "S28", 65.9999999999786], ["S52", "EDP2", 26.9999999999786], ["S53", "S40", 97.0], ["S54", "S32", 37.9999999999786], ["S60", "S49", 84.9999999999786], ["S61", "S15", 49.9999999999786], ["SDP2", "S53", 103.0]], "Waterval": [["S5", "S59", 20.0], ["S14", "S18", 66.00000000000546], ["S16", "S26", 39.0], ["S18", "S29", 60.00000000000273], ["S23", "S16", 41.999999999999986], ["S25", "S23", 48.000000000000014], ["S26", "S33", 33.0], ["S29", "S25", 54.00000000000273], ["S33", "S5", 23.0], ["S47", "EDP2", 4.0], ["S57", "S58", 10.0], ["S58", "S47", 6.0], ["S59", "S57", 16.0], ["SDP2", "S14", 83.0]], "Waterman": [["S8", "S39", 18.99999999999344], ["S17", "S50", 71.0000000000214], ["S19", "S44", 61.0000000000214], ["S22", "SP2", 54.0000000000214], ["S27", "S31", 60.99999999999142], ["S31", "S43", 54.99999999999142], ["S34", "S8", 24.99999999999344], ["S36", "EDP2", 6.999999999993442], ["S37", "S27", 66.99999999999275], ["S38", "S37", 70.99999999999476], ["S39", "S36", 12.999999999993442], ["S41", "S45", 42.99999999999142], ["S42", "S34", 30.99999999999344], ["S43", "S41", 48.99999999999344], ["S44", "S22", 59.0000000000214], ["S45", "S42", 36.99999999999344], ["S46", "S38", 76.99999999999717], ["S50", "S19", 66.0000000000214], ["S55", "S17", 77.00000000000148], ["SDP2", "S55", 83.0], ["SP2", "S46", 83.0]]}, "Ordered_routes": {"Watergeus": ["SDP1", "S13", "S30", "S10", "S21", "S6", "S56", "S48", "S1", "S9", "S4", "S12", "S3", "S35", "S7", "S2", "EDP1"], "Waterbuffel": ["SDP2", "S53", "S40", "S60", "S49", "S24", "S11", "S51", "S28", "S20", "S61", "S15", "S54", "S32", "S52", "EDP2"], "Waterval": ["SDP2", "S14", "S18", "S29", "S25", "S23", "S16", "S26", "S33", "S5", "S59", "S57", "S58", "S47", "EDP2"], "Waterman": ["SDP2", "S55", "S17", "S50", "S19", "S44", "S22", "SP2", "S46", "S38", "S37", "S27", "S31", "S43", "S41", "S45", "S42", "S34", "S8", "S39", "S36", "EDP2"]}, "Ordered_flow": {"Watergeus": [103, 82, 76, 70, 64, 58, 52, 46, 40, 34, 28, 22, 17, 11, 5, 0], "Waterbuffel": [103, 97, 91, 84, 80, 74, 70, 65, 59, 55, 49, 43, 37, 32, 26], "Waterval": [83, 66, 60, 54, 48, 41, 39, 33, 23, 20, 16, 10, 6, 4], "Waterman": [83, 77, 71, 66, 61, 59, 54, 83, 76, 70, 66, 60, 54, 48, 42, 36, 30, 24, 18, 12, 6]}, "Ordered_AIS": {"Watergeus": [[51.96249648967369, 4.137689887873459], [51.97294, 4.13193], [51.95968, 4.11156], [51.95942, 4.10989], [51.95895, 4.10618], [51.95895, 4.10618], [51.94303, 4.03139], [51.89451, 4.23022], [51.89398, 4.24107], [51.89398, 4.24107], [51.89398, 4.24107], [51.89398, 4.24107], [51.895, 4.24466], [51.9179, 4.21186], [51.92134, 4.21752], [51.93826, 4.18551], [51.96249648967369, 4.137689887873459]], "Waterbuffel": [[51.89740273617377, 4.460817447562738], [51.89274, 4.44524], [51.89046, 4.43383], [51.891, 4.43002], [51.88943, 4.43056], [51.88282, 4.42676], [51.88433, 4.43486], [51.88076, 4.43624], [51.88048, 4.43655], [51.88033, 4.43694], [51.88036, 4.43878], [51.88031, 4.43961], [51.88633, 4.4501], [51.88622, 4.45119], [51.88545, 4.45554], [51.89740273617377, 4.460817447562738]], "Waterval": [[51.89740273617377, 4.460817447562738], [51.89711, 4.43307], [51.89711, 4.43307], [51.90833, 4.41821], [51.90834, 4.41822], [51.90966, 4.41959], [51.91126, 4.4177], [51.91246, 4.41786], [51.91176, 4.42314], [51.91398, 4.49852], [51.89977, 4.4882], [51.89785, 4.49079], [51.89765, 4.48264], [51.89449, 4.47617], [51.89740273617377, 4.460817447562738]], "Waterman": [[51.89740273617377, 4.460817447562738], [51.89615, 4.42558], [51.89534, 4.41308], [51.89576, 4.41267], [51.88091, 4.3941], [51.89405, 4.36797], [51.90215, 4.35482], [51.889365439900516, 4.313357332833194], [51.88877, 4.31181], [51.88911, 4.31162], [51.88819, 4.29972], [51.88626, 4.29754], [51.88511, 4.29341], [51.89119, 4.2737], [51.8914, 4.27349], [51.89437, 4.27246], [51.89113, 4.27156], [51.87991, 4.24021], [51.87879, 4.24951], [51.8807, 4.27328], [51.87825, 4.30953], [51.89740273617377, 4.460817447562738]]}}