{"OBJ": 110.6183467466944, "Solving_time": 14400.345999956131, "Routes": {"Watergeus": [["S1", "EDP1"], ["S2", "S36"], ["S3", "SP1"], ["S13", "S29"], ["S21", "S13"], ["S29", "S30"], ["S30", "S32"], ["S32", "S33"], ["S33", "S1"], ["S36", "S21"], ["SDP1", "S3"], ["SP1", "S2"]], "Waterbuffel": [["S6", "S40"], ["S25", "S39"], ["S38", "S42"], ["S39", "EDP2"], ["S40", "S25"], ["S42", "S6"], ["SDP2", "S38"]], "Waterval": [["S8", "S11"], ["S11", "SP2"], ["S12", "EDP2"], ["S14", "S16"], ["S15", "S18"], ["S16", "S24"], ["S17", "S8"], ["S18", "S14"], ["S19", "S22"], ["S22", "S23"], ["S23", "S17"], ["S24", "S12"], ["S41", "S19"], ["SDP2", "S41"], ["SP2", "S15"]], "Waterman": [["S4", "S20"], ["S5", "SP2"], ["S7", "EDP2"], ["S9", "S5"], ["S10", "S7"], ["S20", "S9"], ["S26", "S34"], ["S27", "S10"], ["S28", "S37"], ["S31", "S28"], ["S34", "S31"], ["S35", "S26"], ["S37", "S4"], ["SDP2", "S35"], ["SP2", "S27"]]}, "Flow": {"Watergeus": [["S1", "EDP1", 15.999999999981256], ["S2", "S36", 91.0], ["S3", "SP1", 83.0000000000189], ["S13", "S29", 77.00000000000009], ["S21", "S13", 78.0], ["S29", "S30", 76.00000000000016], ["S30", "S32", 44.00000000000012], ["S32", "S33", 39.999999999981235], ["S33", "S1", 27.999999999981256], ["S36", "S21", 79.0], ["SDP1", "S3", 103.0], ["SP1", "S2", 103.0]], "Waterbuffel": [["S6", "S40", 76.00000000000057], ["S25", "S39", 64.00000000000057], ["S38", "S42", 93.00000000000057], ["S39", "EDP2", 54.00000000000057], ["S40", "S25", 72.00000000000057], ["S42", "S6", 87.00000000000057], ["SDP2", "S38", 103.0]], "Waterval": [["S8", "S11", 32.000000000040785], ["S11", "SP2", 19.999863637335018], ["S12", "EDP2", 38.999570457436086], ["S14", "S16", 52.999570457476864], ["S15", "S18", 70.99957045747685], ["S16", "S24", 46.999570457476864], ["S17", "S8", 44.000000000040785], ["S18", "S14", 64.99957045747685], ["S19", "S22", 68.00000000004079], ["S22", "S23", 56.000000000040785], ["S23", "S17", 50.00000000004078], ["S24", "S12", 40.999570457436086], ["S41", "S19", 80.00000000004079], ["SDP2", "S41", 83.0], ["SP2", "S15", 82.99943409602108]], "Waterman": [["S4", "S20", 27.999999999999975], ["S5", "SP2", 8.99999999999998], ["S7", "EDP2", 59.0], ["S9", "S5", 9.999999999999975], ["S10", "S7", 67.0], ["S20", "S9", 15.999999999999975], ["S26", "S34", 61.0], ["S27", "S10", 73.0], ["S28", "S37", 44.999999999999986], ["S31", "S28", 51.0], ["S34", "S31", 56.0], ["S35", "S26", 66.00000000001623], ["S37", "S4", 39.99999999999997], ["SDP2", "S35", 83.0], ["SP2", "S27", 83.0]]}, "Ordered_routes": {"Watergeus": ["SDP1", "S3", "SP1", "S2", "S36", "S21", "S13", "S29", "S30", "S32", "S33", "S1", "EDP1"], "Waterbuffel": ["SDP2", "S38", "S42", "S6", "S40", "S25", "S39", "EDP2"], "Waterval": ["SDP2", "S41", "S19", "S22", "S23", "S17", "S8", "S11", "SP2", "S15", "S18", "S14", "S16", "S24", "S12", "EDP2"], "Waterman": ["SDP2", "S35", "S26", "S34", "S31", "S28", "S37", "S4", "S20", "S9", "S5", "SP2", "S27", "S10", "S7", "EDP2"]}, "Ordered_flow": {"Watergeus": [103, 83, 103, 91, 79, 78, 77, 76, 44, 39, 27, 15], "Waterbuffel": [103, 93, 87, 76, 72, 64, 54], "Waterval": [83, 80, 68, 56, 50, 44, 32, 19, 82, 70, 64, 52, 46, 40, 38], "Waterman": [83, 66, 61, 56, 51, 44, 39, 27, 15, 9, 8, 83, 73, 67, 59]}, "Ordered_AIS": {"Watergeus": [[51.96249648967369, 4.137689887873459], [51.96316, 4.0943], [51.96249648967369, 4.137689887873459], [51.9673, 4.04117], [51.95829, 4.01365], [51.9574, 4.01285], [51.9574, 4.01285], [51.9574, 4.01285], [51.9574, 4.01285], [51.9574, 4.01285], [51.95726, 4.01303], [51.95072, 3.9899], [51.96249648967369, 4.137689887873459]], "Waterbuffel": [[51.89740273617377, 4.460817447562738], [51.88669, 4.45242], [51.88671, 4.44823], [51.88282, 4.42676], [51.87994, 4.44608], [51.88544, 4.45558], [51.89914, 4.48563], [51.89740273617377, 4.460817447562738]], "Waterval": [[51.89740273617377, 4.460817447562738], [51.87992, 4.39942], [51.88089, 4.30959], [51.87819, 4.29305], [51.88543, 4.28021], [51.88571, 4.27932], [51.88459, 4.29204], [51.88485, 4.29202], [51.889365439900516, 4.313357332833194], [51.88797, 4.31826], [51.89, 4.34454], [51.89119, 4.36704], [51.89119, 4.36704], [51.89222, 4.4033], [51.89396, 4.41661], [51.89740273617377, 4.460817447562738]], "Waterman": [[51.89740273617377, 4.460817447562738], [51.91176, 4.42314], [51.91138, 4.41788], [51.90856, 4.41815], [51.90685, 4.4189], [51.90823, 4.41781], [51.91006, 4.41418], [51.95708, 4.14709], [51.92144, 4.20237], [51.89465, 4.23658], [51.89398, 4.24107], [51.889365439900516, 4.313357332833194], [51.88991, 4.31579], [51.89455, 4.3682], [51.89447, 4.36826], [51.89740273617377, 4.460817447562738]]}}