{"OBJ": 110.73791812170576, "Solving_time": 14400.357999801636, "Routes": {"Watergeus": [["S9", "S29"], ["S12", "S33"], ["S17", "S12"], ["S24", "EDP2"], ["S25", "S26"], ["S26", "S30"], ["S29", "S17"], ["S30", "S9"], ["S33", "S24"], ["SDP2", "S25"]], "Waterbuffel": [["S13", "S27"], ["S18", "S31"], ["S19", "EDP2"], ["S21", "S19"], ["S22", "S13"], ["S27", "S32"], ["S28", "S22"], ["S31", "S28"], ["S32", "S34"], ["S34", "S21"], ["SDP2", "S18"]], "Waterval": [["S1", "S3"], ["S3", "S5"], ["S5", "EDP2"], ["S7", "S1"], ["S8", "S15"], ["S15", "S7"], ["S20", "S23"], ["S23", "S8"], ["SDP2", "S20"]], "Waterman": [["S2", "S11"], ["S4", "EDP1"], ["S6", "S16"], ["S10", "S14"], ["S11", "S4"], ["S14", "S6"], ["S16", "S2"], ["SDP1", "S10"]]}, "Flow": {"Watergeus": [["S9", "S29", 86.99999999998997], ["S12", "S33", 76.99999999996697], ["S17", "S12", 79.99999999997492], ["S24", "EDP2", 69.99999999994928], ["S25", "S26", 100.00000000000492], ["S26", "S30", 95.00000000001013], ["S29", "S17", 82.99999999998445], ["S30", "S9", 93.0], ["S33", "S24", 71.99999999995973], ["SDP2", "S25", 103.0]], "Waterbuffel": [["S13", "S27", 69.99999999999986], ["S18", "S31", 97.00000000000443], ["S19", "EDP2", 44.00000000000387], ["S21", "S19", 46.99999999999953], ["S22", "S13", 74.99999999999986], ["S27", "S32", 63.99999999999986], ["S28", "S22", 80.99999999999993], ["S31", "S28", 87.0], ["S32", "S34", 57.99999999999979], ["S34", "S21", 51.99999999999973], ["SDP2", "S18", 103.0]], "Waterval": [["S1", "S3", 41.0000000000006], ["S3", "S5", 35.00000000000148], ["S5", "EDP2", 29.000000000001346], ["S7", "S1", 47.0000000000006], ["S8", "S15", 67.00000000000003], ["S15", "S7", 57.000000000000156], ["S20", "S23", 78.0], ["S23", "S8", 73.00000000000003], ["SDP2", "S20", 83.0]], "Waterman": [["S2", "S11", 41.0], ["S4", "EDP1", 31.0], ["S6", "S16", 53.00000000000044], ["S10", "S14", 77.0000000000011], ["S11", "S4", 34.999999999997776], ["S14", "S6", 65.00000000000053], ["S16", "S2", 47.000000000000206], ["SDP1", "S10", 83.0]]}, "Ordered_routes": {"Watergeus": ["SDP2", "S25", "S26", "S30", "S9", "S29", "S17", "S12", "S33", "S24", "EDP2"], "Waterbuffel": ["SDP2", "S18", "S31", "S28", "S22", "S13", "S27", "S32", "S34", "S21", "S19", "EDP2"], "Waterval": ["SDP2", "S20", "S23", "S8", "S15", "S7", "S1", "S3", "S5", "EDP2"], "Waterman": ["SDP1", "S10", "S14", "S6", "S16", "S2", "S11", "S4", "EDP1"]}, "Ordered_flow": {"Watergeus": [103, 100, 95, 93, 86, 82, 79, 76, 71, 69], "Waterbuffel": [103, 97, 87, 80, 74, 69, 63, 57, 51, 46, 44], "Waterval": [83, 78, 73, 67, 57, 47, 41, 35, 29], "Waterman": [83, 77, 65, 53, 47, 41, 34, 31]}, "Ordered_AIS": {"Watergeus": [[51.89740273617377, 4.460817447562738], [51.89449, 4.47617], [51.89449, 4.47617], [51.89759, 4.4826], [51.90304, 4.5347], [51.91332, 4.48647], [51.91176, 4.42314], [51.91176, 4.42314], [51.91176, 4.42314], [51.90252, 4.46178], [51.89740273617377, 4.460817447562738]], "Waterbuffel": [[51.89740273617377, 4.460817447562738], [51.91239, 4.41913], [51.91265, 4.4154], [51.89996, 4.32267], [51.89119, 4.2737], [51.88194, 4.27808], [51.88884, 4.31626], [51.88791, 4.31821], [51.89381, 4.36787], [51.88497, 4.41772], [51.88033, 4.43906], [51.89740273617377, 4.460817447562738]], "Waterval": [[51.89740273617377, 4.460817447562738], [51.8946, 4.23038], [51.92171, 4.20236], [51.93, 4.19271], [51.94137, 4.16789], [51.95716, 4.14686], [51.94155, 4.17796], [51.93724, 4.18534], [51.92112, 4.2172], [51.89740273617377, 4.460817447562738]], "Waterman": [[51.96249648967369, 4.137689887873459], [51.95741, 4.12565], [51.97245, 4.03827], [51.96764, 4.04179], [51.94018, 4.06521], [51.94323, 4.07288], [51.95338, 4.12827], [51.95936, 4.14279], [51.96249648967369, 4.137689887873459]]}}