{"OBJ": 107.18388732101357, "Solving_time": 14400.213000059128, "Routes": {"Watergeus": [["S2", "S17"], ["S3", "S20"], ["S4", "S16"], ["S5", "S3"], ["S6", "S4"], ["S8", "EDP1"], ["S16", "S8"], ["S17", "S6"], ["S20", "S2"], ["SDP1", "S5"]], "Waterbuffel": [["S12", "S15"], ["S13", "S26"], ["S14", "S29"], ["S15", "S13"], ["S21", "EDP2"], ["S24", "S36"], ["S25", "S24"], ["S26", "S14"], ["S27", "S25"], ["S29", "S30"], ["S30", "S37"], ["S36", "S21"], ["S37", "S27"], ["SDP2", "S12"]], "Waterval": [["S1", "S10"], ["S7", "S18"], ["S9", "S7"], ["S10", "S22"], ["S11", "S9"], ["S18", "S23"], ["S19", "SP2"], ["S22", "S19"], ["S23", "S1"], ["S34", "EDP2"], ["SDP2", "S11"], ["SP2", "S34"]], "Waterman": [["S28", "S32"], ["S31", "S33"], ["S32", "S31"], ["S33", "S35"], ["S35", "EDP2"], ["SDP2", "S28"]]}, "Flow": {"Watergeus": [["S2", "S17", 73.00000000000001], ["S3", "S20", 85.0], ["S4", "S16", 49.000000000000995], ["S5", "S3", 91.0], ["S6", "S4", 61.00000000000077], ["S8", "EDP1", 14.000000000002515], ["S16", "S8", 34.000000000002174], ["S17", "S6", 67.0], ["S20", "S2", 79.0], ["SDP1", "S5", 103.0]], "Waterbuffel": [["S12", "S15", 101.0], ["S13", "S26", 87.00000000001467], ["S14", "S29", 70.00000000001604], ["S15", "S13", 99.0000000000133], ["S21", "EDP2", 12.999999999978442], ["S24", "S36", 22.999999999987466], ["S25", "S24", 34.999999999989804], ["S26", "S14", 82.00000000001508], ["S27", "S25", 47.0], ["S29", "S30", 64.00000000001941], ["S30", "S37", 58.00000000003066], ["S36", "S21", 18.999999999984233], ["S37", "S27", 52.00000000003912], ["SDP2", "S12", 103.0]], "Waterval": [["S1", "S10", 34.99990531179665], ["S7", "S18", 58.99992593304201], ["S9", "S7", 64.99992593304201], ["S10", "S22", 28.999979453197064], ["S11", "S9", 76.99992593304201], ["S18", "S23", 52.99992593304201], ["S19", "SP2", 5.999989280046464], ["S22", "S19", 16.999999998750653], ["S23", "S1", 40.99990531179665], ["S34", "EDP2", 70.99993657676872], ["SDP2", "S11", 82.99992593637533], ["SP2", "S34", 82.99992585846454]], "Waterman": [["S28", "S32", 71.00000000000577], ["S31", "S33", 54.00000000000948], ["S32", "S31", 59.00000000000851], ["S33", "S35", 49.000000000010566], ["S35", "EDP2", 48.000000000010566], ["SDP2", "S28", 83.0]]}, "Ordered_routes": {"Watergeus": ["SDP1", "S5", "S3", "S20", "S2", "S17", "S6", "S4", "S16", "S8", "EDP1"], "Waterbuffel": ["SDP2", "S12", "S15", "S13", "S26", "S14", "S29", "S30", "S37", "S27", "S25", "S24", "S36", "S21", "EDP2"], "Waterval": ["SDP2", "S11", "S9", "S7", "S18", "S23", "S1", "S10", "S22", "S19", "SP2", "S34", "EDP2"], "Waterman": ["SDP2", "S28", "S32", "S31", "S33", "S35", "EDP2"]}, "Ordered_flow": {"Watergeus": [103, 91, 85, 79, 73, 67, 61, 49, 34, 14], "Waterbuffel": [103, 101, 99, 87, 82, 70, 64, 58, 52, 47, 34, 22, 18, 12], "Waterval": [82, 76, 64, 58, 52, 40, 34, 28, 16, 5, 82, 70], "Waterman": [83, 71, 59, 54, 49, 48]}, "Ordered_AIS": {"Watergeus": [[51.96249648967369, 4.137689887873459], [51.95758, 4.07482], [51.95774, 4.03713], [51.95863, 4.03395], [51.95939, 4.03332], [51.97525, 4.0263], [51.97551, 4.02625], [51.96723, 4.0439], [51.96316, 4.0943], [51.96316, 4.0943], [51.96249648967369, 4.137689887873459]], "Waterbuffel": [[51.89740273617377, 4.460817447562738], [51.90324, 4.49314], [51.90342, 4.49375], [51.91176, 4.42314], [51.90086, 4.39503], [51.89531, 4.36593], [51.87993, 4.40642], [51.87877, 4.42535], [51.88317, 4.42577], [51.88369, 4.42461], [51.88503, 4.41729], [51.88494, 4.41412], [51.89112, 4.40878], [51.89646, 4.42614], [51.89740273617377, 4.460817447562738]], "Waterval": [[51.89740273617377, 4.460817447562738], [51.93122, 4.19889], [51.9496, 4.14791], [51.94679, 4.04205], [51.91889, 4.20565], [51.87539, 4.27523], [51.88127, 4.27695], [51.88486, 4.29265], [51.88089, 4.30959], [51.88149, 4.30991], [51.889365439900516, 4.313357332833194], [51.88949, 4.31682], [51.89740273617377, 4.460817447562738]], "Waterman": [[51.89740273617377, 4.460817447562738], [51.89283, 4.43676], [51.87973, 4.44468], [51.87939, 4.44657], [51.88367, 4.45404], [51.89088, 4.45489], [51.89740273617377, 4.460817447562738]]}}