{"OBJ": 155.16200428711002, "Solving_time": 3600.0789999961853, "Routes": {"Watergeus": [["S4", "S9"], ["S6", "EDP2"], ["S9", "S6"], ["S10", "S4"], ["SDP2", "S10"]], "Waterbuffel": [["S1", "S16"], ["S2", "EDP2"], ["S3", "S14"], ["S14", "S1"], ["S16", "S2"], ["SDP2", "S3"]], "Waterval": [["S7", "S12"], ["S11", "S13"], ["S12", "S11"], ["S13", "S18"], ["S17", "EDP2"], ["S18", "S17"], ["S19", "S7"], ["SDP2", "S19"]], "Waterman": [["S5", "EDP1"], ["S8", "S20"], ["S15", "S8"], ["S20", "S5"], ["SDP1", "S15"]]}, "Flow": {"Watergeus": [["S4", "S9", 56.0], ["S6", "EDP2", 22.0], ["S9", "S6", 40.0], ["S10", "S4", 79.0], ["SDP2", "S10", 103.0]], "Waterbuffel": [["S1", "S16", 52.000000000000654], ["S2", "EDP2", 20.000000000000654], ["S3", "S14", 100.00000000000063], ["S7", "S12", 1.1368683772161603e-13], ["S11", "S13", 1.1368683772161603e-13], ["S12", "S11", 1.1368683772161603e-13], ["S13", "S18", 7.815970093361102e-14], ["S14", "S1", 77.00000000000061], ["S16", "S2", 48.000000000000654], ["SDP2", "S3", 103.0]], "Waterval": [["S7", "S12", 62.00000000000023], ["S11", "S13", 42.00000000000023], ["S12", "S11", 62.00000000000023], ["S13", "S18", 36.00000000000026], ["S17", "EDP2", 2.000000000000341], ["S18", "S17", 30.00000000000034], ["S19", "S7", 75.00000000000023], ["SDP2", "S19", 83.0]], "Waterman": [["S2", "S14", 6.110667527536862e-13], ["S5", "EDP1", 9.0], ["S8", "S20", 41.0], ["S14", "S3", 6.252776074688882e-13], ["S15", "S8", 53.0], ["S20", "S5", 18.0], ["SDP1", "S15", 83.0]]}, "Ordered_routes": {"Watergeus": ["SDP2", "S10", "S4", "S9", "S6", "EDP2"], "Waterbuffel": ["SDP2", "S3", "S14", "S1", "S16", "S2", "EDP2"], "Waterval": ["SDP2", "S19", "S7", "S12", "S11", "S13", "S18", "S17", "EDP2"], "Waterman": ["SDP1", "S15", "S8", "S20", "S5", "EDP1"]}, "Ordered_flow": {"Watergeus": [103.0, 79.0, 56.0, 40.0, 22.0], "Waterbuffel": [103.0, 100.00000000000063, 77.00000000000061, 52.000000000000654, 48.000000000000654, 20.000000000000654], "Waterval": [83.0, 75.00000000000023, 62.00000000000023, 62.00000000000023, 42.00000000000023, 36.00000000000026, 30.00000000000034, 2.000000000000341], "Waterman": [83.0, 53.0, 41.0, 18.0, 9.0]}}