{"OBJ": 102.28858522598526, "Solving_time": 14400.523999929428, "Routes": {"Watergeus": [["S16", "S33"], ["S22", "EDP2"], ["S25", "S22"], ["S26", "S37"], ["S27", "S16"], ["S32", "S34"], ["S33", "S38"], ["S34", "S27"], ["S37", "S32"], ["S38", "S40"], ["S40", "S25"], ["SDP2", "S26"]], "Waterbuffel": [["S10", "S36"], ["S14", "S10"], ["S29", "S35"], ["S30", "S31"], ["S31", "EDP2"], ["S35", "S14"], ["S36", "S30"], ["SDP2", "S29"]], "Waterval": [["S1", "S4"], ["S3", "S9"], ["S4", "S6"], ["S6", "S21"], ["S9", "S18"], ["S15", "S20"], ["S18", "S1"], ["S20", "S39"], ["S21", "S15"], ["S24", "S28"], ["S28", "S3"], ["S39", "EDP2"], ["SDP2", "S24"]], "Waterman": [["S2", "S19"], ["S5", "S8"], ["S7", "S17"], ["S8", "S12"], ["S11", "S23"], ["S12", "S13"], ["S13", "S2"], ["S17", "S11"], ["S19", "S7"], ["S23", "EDP1"], ["SDP1", "S5"]]}, "Flow": {"Watergeus": [["S16", "S33", 69.99988519999994], ["S22", "EDP2", 43.9999972], ["S25", "S22", 46.9999972], ["S26", "S37", 97.99993895999998], ["S27", "S16", 74.99985971999993], ["S32", "S34", 86.99988183999994], ["S33", "S38", 63.99994287999997], ["S34", "S27", 80.99991403999996], ["S37", "S32", 92.99999384], ["S38", "S40", 57.99994287999997], ["S40", "S25", 51.9999972], ["SDP2", "S26", 102.99987310439997]], "Waterbuffel": [["S10", "S36", 86.0], ["S14", "S10", 92.0], ["S29", "S35", 101.0], ["S30", "S31", 81.0], ["S31", "EDP2", 76.0], ["S35", "S14", 97.0], ["S36", "S30", 84.0], ["SDP2", "S29", 103.0]], "Waterval": [["S1", "S4", 50.999999439957485], ["S3", "S9", 66.99999944], ["S4", "S6", 44.999999439957485], ["S6", "S21", 38.999977599957475], ["S9", "S18", 60.99999944], ["S15", "S20", 29.999977599957475], ["S18", "S1", 56.999999439957485], ["S20", "S39", 26.999875343957456], ["S21", "S15", 32.999977599957475], ["S24", "S28", 77.99995632], ["S28", "S3", 72.99999944], ["S39", "EDP2", 21.999881503957457], ["SDP2", "S24", 82.99995352166667]], "Waterman": [["S2", "S19", 55.0], ["S5", "S8", 79.00000000004252], ["S7", "S17", 43.0], ["S8", "S12", 73.0], ["S11", "S23", 31.0], ["S12", "S13", 67.0], ["S13", "S2", 61.0], ["S17", "S11", 37.0], ["S19", "S7", 49.0], ["S23", "EDP1", 25.0], ["SDP1", "S5", 83.0]]}, "Ordered_routes": {"Watergeus": ["SDP2", "S26", "S37", "S32", "S34", "S27", "S16", "S33", "S38", "S40", "S25", "S22", "EDP2"], "Waterbuffel": ["SDP2", "S29", "S35", "S14", "S10", "S36", "S30", "S31", "EDP2"], "Waterval": ["SDP2", "S24", "S28", "S3", "S9", "S18", "S1", "S4", "S6", "S21", "S15", "S20", "S39", "EDP2"], "Waterman": ["SDP1", "S5", "S8", "S12", "S13", "S2", "S19", "S7", "S17", "S11", "S23", "EDP1"]}, "Ordered_flow": {"Watergeus": [102, 97, 92, 86, 80, 74, 69, 63, 57, 51, 46, 43], "Waterbuffel": [103, 101, 97, 92, 86, 84, 81, 76], "Waterval": [82, 77, 72, 66, 60, 56, 50, 44, 38, 32, 29, 26, 21], "Waterman": [83, 79, 73, 67, 61, 55, 49, 43, 37, 31, 25]}, "Ordered_AIS": {"Watergeus": [[51.89740273617377, 4.460817447562738], [51.90931, 4.41926], [51.91265, 4.4154], [51.90369, 4.3515], [51.89996, 4.32267], [51.89119, 4.2737], [51.88194, 4.27808], [51.88884, 4.31626], [51.88791, 4.31821], [51.89381, 4.36787], [51.88497, 4.41772], [51.88033, 4.43906], [51.89740273617377, 4.460817447562738]], "Waterbuffel": [[51.89740273617377, 4.460817447562738], [51.90252, 4.46178], [51.91332, 4.48647], [51.90326, 4.53556], [51.90304, 4.5347], [51.89759, 4.4826], [51.89449, 4.47617], [51.89449, 4.47617], [51.89740273617377, 4.460817447562738]], "Waterval": [[51.89740273617377, 4.460817447562738], [51.8946, 4.23038], [51.92171, 4.20236], [51.92841, 4.19591], [51.93, 4.19271], [51.94137, 4.16789], [51.94155, 4.17796], [51.93724, 4.18534], [51.92112, 4.2172], [51.91239, 4.41913], [51.91176, 4.42314], [51.91176, 4.42314], [51.91176, 4.42314], [51.89740273617377, 4.460817447562738]], "Waterman": [[51.96249648967369, 4.137689887873459], [51.95936, 4.14279], [51.95716, 4.14686], [51.95483, 4.13037], [51.95338, 4.12827], [51.94323, 4.07288], [51.94018, 4.06521], [51.96764, 4.04179], [51.97245, 4.03827], [51.95741, 4.12565], [51.95745, 4.12574], [51.96249648967369, 4.137689887873459]]}}