{"OBJ": 96.28052944370357, "Solving_time": 14400.762000083923, "Routes": {"Watergeus": [["S7", "EDP2"], ["S18", "S7"], ["S19", "S18"], ["S20", "S30"], ["S23", "S19"], ["S24", "S23"], ["S28", "S24"], ["S29", "S20"], ["S30", "S28"], ["S33", "S34"], ["S34", "S29"], ["SDP2", "S33"]], "Waterbuffel": [["S1", "S6"], ["S5", "S15"], ["S6", "S5"], ["S8", "EDP2"], ["S9", "S13"], ["S12", "S9"], ["S13", "S8"], ["S15", "S22"], ["S21", "S25"], ["S22", "S21"], ["S25", "S12"], ["SDP2", "S1"]], "Waterval": [["S10", "S35"], ["S11", "S26"], ["S14", "S10"], ["S16", "S31"], ["S17", "S32"], ["S26", "S16"], ["S27", "S14"], ["S31", "EDP1"], ["S32", "S11"], ["S35", "S17"], ["SDP1", "S27"]], "Waterman": [["S2", "S3"], ["S3", "S4"], ["S4", "EDP2"], ["SDP2", "S2"]]}, "Flow": {"Watergeus": [["S7", "EDP2", 31.99996566666674], ["S18", "S7", 33.99996566666674], ["S19", "S18", 38.99996566666674], ["S20", "S30", 71.9999810000007], ["S23", "S19", 44.99996566666674], ["S24", "S23", 50.99996566666674], ["S28", "S24", 56.9999810000007], ["S29", "S20", 83.9999810000007], ["S30", "S28", 60.9999810000007], ["S33", "S34", 101.99998100000072], ["S34", "S29", 95.9999810000007], ["SDP2", "S33", 102.99996566743599]], "Waterbuffel": [["S1", "S6", 91.00000000003638], ["S5", "S15", 79.0], ["S6", "S5", 85.0], ["S8", "EDP2", 32.00000000000031], ["S9", "S13", 41.00000000000031], ["S12", "S9", 46.00000000000031], ["S13", "S8", 35.00000000000031], ["S15", "S22", 67.0], ["S21", "S25", 57.999999999999986], ["S22", "S21", 60.999999999999986], ["S25", "S12", 52.00000000000031], ["SDP2", "S1", 103.0]], "Waterval": [["S10", "S35", 59.999999999983785], ["S11", "S26", 33.0], ["S14", "S10", 71.99999999998379], ["S16", "S31", 15.000000000006114], ["S17", "S32", 49.999999999985334], ["S26", "S16", 21.0], ["S27", "S14", 77.00000000000452], ["S31", "EDP1", 10.999999999999908], ["S32", "S11", 43.99999999998115], ["S35", "S17", 53.99999999998386], ["SDP1", "S27", 83.0]], "Waterman": [["S2", "S3", 71.00000000001259], ["S3", "S4", 65.0000000000343], ["S4", "EDP2", 53.000000000000846], ["SDP2", "S2", 83.0]]}, "Ordered_routes": {"Watergeus": ["SDP2", "S33", "S34", "S29", "S20", "S30", "S28", "S24", "S23", "S19", "S18", "S7", "EDP2"], "Waterbuffel": ["SDP2", "S1", "S6", "S5", "S15", "S22", "S21", "S25", "S12", "S9", "S13", "S8", "EDP2"], "Waterval": ["SDP1", "S27", "S14", "S10", "S35", "S17", "S32", "S11", "S26", "S16", "S31", "EDP1"], "Waterman": ["SDP2", "S2", "S3", "S4", "EDP2"]}, "Ordered_flow": {"Watergeus": [102, 101, 95, 83, 71, 60, 56, 50, 44, 38, 33, 31], "Waterbuffel": [103, 91, 85, 79, 67, 60, 57, 52, 46, 41, 35, 32], "Waterval": [83, 77, 71, 59, 53, 49, 43, 33, 21, 15, 10], "Waterman": [83, 71, 65, 53]}, "Ordered_AIS": {"Watergeus": [[51.89740273617377, 4.460817447562738], [51.89552, 4.27478], [51.93122, 4.19793], [51.92815, 4.16944], [51.91657, 4.20578], [51.87986, 4.24037], [51.87921, 4.24873], [51.87974, 4.2689], [51.88773, 4.27363], [51.88472, 4.29147], [51.89077, 4.36689], [51.8919, 4.40516], [51.89740273617377, 4.460817447562738]], "Waterbuffel": [[51.89740273617377, 4.460817447562738], [51.88282, 4.42676], [51.88517, 4.41726], [51.88505, 4.41718], [51.87872, 4.30286], [51.88791, 4.31821], [51.88677, 4.31937], [51.88815, 4.36907], [51.89112, 4.40878], [51.89032, 4.41215], [51.89024, 4.4128], [51.88981, 4.41459], [51.89740273617377, 4.460817447562738]], "Waterval": [[51.96249648967369, 4.137689887873459], [51.96068, 4.10749], [51.95962, 4.03336], [51.95768, 4.03557], [51.94468, 4.03016], [51.94468, 4.03016], [51.93868, 4.03433], [51.94409, 4.04374], [51.93428, 4.15006], [51.95661, 4.1492], [51.95743, 4.14647], [51.96249648967369, 4.137689887873459]], "Waterman": [[51.89740273617377, 4.460817447562738], [51.91178, 4.4172], [51.91022, 4.41452], [51.9107, 4.41735], [51.89740273617377, 4.460817447562738]]}}