{"OBJ": 75.47782787773484, "Solving_time": 14400.15399980545, "Routes": {"Watergeus": [["S1", "S10"], ["S2", "S1"], ["S3", "S2"], ["S4", "S3"], ["S7", "S15"], ["S9", "EDP2"], ["S10", "S12"], ["S11", "S9"], ["S12", "S17"], ["S15", "S11"], ["S17", "S7"], ["SDP2", "S4"]], "Waterbuffel": [["S8", "S16"], ["S14", "EDP2"], ["S16", "S23"], ["S21", "S22"], ["S22", "S44"], ["S23", "S32"], ["S24", "S21"], ["S25", "S24"], ["S32", "S25"], ["S34", "S14"], ["S44", "S34"], ["SDP2", "S8"]], "Waterval": [["S5", "S13"], ["S6", "S33"], ["S13", "S20"], ["S18", "EDP2"], ["S20", "S29"], ["S28", "S40"], ["S29", "S28"], ["S33", "S36"], ["S36", "S41"], ["S38", "S39"], ["S39", "S18"], ["S40", "S6"], ["S41", "S43"], ["S43", "S38"], ["SDP2", "S5"]], "Waterman": [["S19", "EDP1"], ["S26", "S30"], ["S27", "S26"], ["S30", "S35"], ["S31", "S27"], ["S35", "S37"], ["S37", "S42"], ["S42", "S19"], ["SDP1", "S31"]]}, "Flow": {"Watergeus": [["S1", "S10", 83.99995600000001], ["S2", "S1", 84.99995600000003], ["S3", "S2", 90.99995600000003], ["S4", "S3", 96.99995600000003], ["S7", "S15", 59.99995600000001], ["S9", "EDP2", 43.99995600000001], ["S10", "S12", 77.99995600000001], ["S11", "S9", 47.99995600000001], ["S12", "S17", 71.99995600000001], ["S15", "S11", 53.99995600000001], ["S17", "S7", 65.99995600000001], ["SDP2", "S4", 102.99995613979594]], "Waterbuffel": [["S8", "S16", 97.00000000000294], ["S14", "EDP2", 40.99999999999564], ["S16", "S23", 91.00000000000917], ["S21", "S22", 65.0000000000469], ["S22", "S44", 59.000000000054776], ["S23", "S32", 87.00000000001383], ["S24", "S21", 69.00000000004344], ["S25", "S24", 75.00000000003497], ["S32", "S25", 81.00000000002404], ["S34", "S14", 46.99999999999762], ["S44", "S34", 53.0], ["SDP2", "S8", 103.0]], "Waterval": [["S5", "S13", 77.00000000000122], ["S6", "S33", 48.00000000000021], ["S13", "S20", 75.0], ["S18", "EDP2", 15.000000000008612], ["S20", "S29", 70.00000000000557], ["S28", "S40", 59.000000000001], ["S29", "S28", 64.00000000000695], ["S33", "S36", 44.0], ["S36", "S41", 39.00000000000032], ["S38", "S39", 23.000000000003144], ["S39", "S18", 18.000000000005535], ["S40", "S6", 53.00000000000065], ["S41", "S43", 33.00000000000044], ["S43", "S38", 29.000000000001144], ["SDP2", "S5", 83.0]], "Waterman": [["S19", "EDP1", 38.0], ["S26", "S30", 65.0], ["S27", "S26", 70.9999999999992], ["S30", "S35", 59.0], ["S31", "S27", 77.00000000000013], ["S35", "S37", 53.0], ["S37", "S42", 47.0], ["S42", "S19", 44.0], ["SDP1", "S31", 83.0]]}, "Ordered_routes": {"Watergeus": ["SDP2", "S4", "S3", "S2", "S1", "S10", "S12", "S17", "S7", "S15", "S11", "S9", "EDP2"], "Waterbuffel": ["SDP2", "S8", "S16", "S23", "S32", "S25", "S24", "S21", "S22", "S44", "S34", "S14", "EDP2"], "Waterval": ["SDP2", "S5", "S13", "S20", "S29", "S28", "S40", "S6", "S33", "S36", "S41", "S43", "S38", "S39", "S18", "EDP2"], "Waterman": ["SDP1", "S31", "S27", "S26", "S30", "S35", "S37", "S42", "S19", "EDP1"]}, "Ordered_flow": {"Watergeus": [102, 96, 90, 84, 83, 77, 71, 65, 59, 53, 47, 43], "Waterbuffel": [103, 97, 91, 87, 81, 75, 69, 65, 59, 53, 46, 40], "Waterval": [83, 77, 75, 70, 64, 59, 53, 48, 44, 39, 33, 29, 23, 18, 15], "Waterman": [83, 77, 70, 65, 59, 53, 47, 44, 38]}, "Ordered_AIS": {"Watergeus": [[51.89740273617377, 4.460817447562738], [51.8964, 4.47892], [51.90337, 4.53587], [51.89449, 4.47617], [51.89449, 4.47617], [51.88333, 4.45157], [51.87973, 4.44468], [51.88025, 4.43753], [51.88033, 4.43694], [51.88036, 4.43753], [51.88664, 4.44727], [51.88626, 4.45105], [51.89740273617377, 4.460817447562738]], "Waterbuffel": [[51.89740273617377, 4.460817447562738], [51.89166, 4.43677], [51.88368, 4.42444], [51.88324, 4.42595], [51.88282, 4.42676], [51.87779, 4.42354], [51.88024, 4.42188], [51.88485, 4.41814], [51.88602, 4.41421], [51.8864, 4.41101], [51.88983, 4.41476], [51.89672, 4.43121], [51.89740273617377, 4.460817447562738]], "Waterval": [[51.89740273617377, 4.460817447562738], [51.89214, 4.36728], [51.89088, 4.36695], [51.88054, 4.34912], [51.88877, 4.31181], [51.88502, 4.29272], [51.88399, 4.2907], [51.88081, 4.26587], [51.88385, 4.26917], [51.89119, 4.2737], [51.89119, 4.2737], [51.89996, 4.32267], [51.89996, 4.32267], [51.90449, 4.35423], [51.91235, 4.41919], [51.89740273617377, 4.460817447562738]], "Waterman": [[51.96249648967369, 4.137689887873459], [51.95898, 4.05177], [51.95728, 4.00994], [51.95786, 4.0087], [51.95613, 3.99565], [51.94468, 4.03016], [51.94468, 4.03016], [51.93021, 4.04425], [51.95108, 4.0765], [51.96249648967369, 4.137689887873459]]}}