{"OBJ": 109.41545834419004, "Solving_time": 14400.274999856949, "Routes": {"Watergeus": [["S2", "S22"], ["S3", "S8"], ["S4", "S6"], ["S5", "SP1"], ["S6", "S7"], ["S7", "S18"], ["S8", "S5"], ["S17", "S4"], ["S18", "S2"], ["S22", "S3"], ["SDP1", "S17"], ["SP1", "EDP1"]], "Waterbuffel": [["S1", "S11"], ["S9", "S19"], ["S10", "S9"], ["S11", "EDP2"], ["S12", "S10"], ["S13", "S16"], ["S14", "S12"], ["S16", "S14"], ["S19", "S25"], ["S25", "S1"], ["SDP2", "S13"]], "Waterval": [["S15", "S29"], ["S20", "S23"], ["S21", "S37"], ["S23", "EDP2"], ["S24", "S21"], ["S29", "S40"], ["S32", "S39"], ["S33", "S32"], ["S34", "S35"], ["S35", "S33"], ["S36", "S34"], ["S37", "S15"], ["S39", "S24"], ["S40", "S20"], ["SDP2", "S36"]], "Waterman": [["S26", "S28"], ["S27", "S31"], ["S28", "S27"], ["S30", "S26"], ["S31", "EDP2"], ["S38", "S41"], ["S41", "S30"], ["SDP2", "S38"]]}, "Flow": {"Watergeus": [["S2", "S22", 57.99999999999997], ["S3", "S8", 45.99999999999993], ["S4", "S6", 81.99999999999997], ["S5", "SP1", 34.00000000000022], ["S6", "S7", 75.99999999999997], ["S7", "S18", 69.99999999999997], ["S8", "S5", 40.00000000000011], ["S17", "S4", 88.00000000000001], ["S18", "S2", 63.99999999999997], ["S22", "S3", 51.99999999999993], ["SDP1", "S17", 103.0], ["SP1", "EDP1", 103.0]], "Waterbuffel": [["S1", "S11", 36.99999999440999], ["S9", "S19", 54.99999999647372], ["S10", "S9", 74.99999999853503], ["S11", "EDP2", 30.99999999440999], ["S12", "S10", 80.99999999853503], ["S13", "S16", 101.00000000000001], ["S14", "S12", 86.99999999853503], ["S16", "S14", 98.99999999936104], ["S19", "S25", 48.99999999573371], ["S25", "S1", 42.99999999505806], ["SDP2", "S13", 103.0]], "Waterval": [["S15", "S29", 26.999965653055746], ["S20", "S23", 13.999999999994554], ["S21", "S37", 38.999965653055746], ["S23", "EDP2", 7.999999999994554], ["S24", "S21", 44.999965653055746], ["S29", "S40", 21.999984387749638], ["S32", "S39", 54.99999999999456], ["S33", "S32", 60.99999999999456], ["S34", "S35", 72.99999999999456], ["S35", "S33", 66.99999999999456], ["S36", "S34", 78.0], ["S37", "S15", 32.999965653055746], ["S39", "S24", 50.999965653055746], ["S40", "S20", 17.999999999994554], ["SDP2", "S36", 83.0]], "Waterman": [["S26", "S28", 65.00000000000544], ["S27", "S31", 53.0], ["S28", "S27", 59.0], ["S30", "S26", 71.00000000000544], ["S31", "EDP2", 47.0], ["S38", "S41", 82.00000000001336], ["S41", "S30", 76.00000000000544], ["SDP2", "S38", 83.0]]}, "Ordered_routes": {"Watergeus": ["SDP1", "S17", "S4", "S6", "S7", "S18", "S2", "S22", "S3", "S8", "S5", "SP1", "EDP1"], "Waterbuffel": ["SDP2", "S13", "S16", "S14", "S12", "S10", "S9", "S19", "S25", "S1", "S11", "EDP2"], "Waterval": ["SDP2", "S36", "S34", "S35", "S33", "S32", "S39", "S24", "S21", "S37", "S15", "S29", "S40", "S20", "S23", "EDP2"], "Waterman": ["SDP2", "S38", "S41", "S30", "S26", "S28", "S27", "S31", "EDP2"]}, "Ordered_flow": {"Watergeus": [103, 88, 81, 75, 69, 63, 57, 51, 45, 40, 34, 103], "Waterbuffel": [103, 101, 98, 86, 80, 74, 54, 48, 42, 36, 30], "Waterval": [83, 78, 72, 66, 60, 54, 50, 44, 38, 32, 26, 21, 17, 13, 7], "Waterman": [83, 82, 76, 71, 65, 59, 53, 47]}, "Ordered_AIS": {"Watergeus": [[51.96249648967369, 4.137689887873459], [51.96316, 4.0943], [51.96723, 4.0439], [51.97348, 4.0338], [51.97551, 4.02625], [51.97525, 4.0263], [51.95939, 4.03332], [51.95863, 4.03395], [51.95774, 4.03713], [51.94679, 4.04205], [51.95758, 4.07482], [51.96249648967369, 4.137689887873459], [51.96249648967369, 4.137689887873459]], "Waterbuffel": [[51.89740273617377, 4.460817447562738], [51.90324, 4.49314], [51.90342, 4.49375], [51.91176, 4.42314], [51.93122, 4.19889], [51.9496, 4.14791], [51.96316, 4.0943], [51.91889, 4.20565], [51.87539, 4.27523], [51.88127, 4.27695], [51.88486, 4.29265], [51.89740273617377, 4.460817447562738]], "Waterval": [[51.89740273617377, 4.460817447562738], [51.88367, 4.45404], [51.87939, 4.44657], [51.87973, 4.44468], [51.87877, 4.42535], [51.87993, 4.40642], [51.88084, 4.39541], [51.88089, 4.30959], [51.88149, 4.30991], [51.88949, 4.31682], [51.89531, 4.36593], [51.90086, 4.39503], [51.89112, 4.40878], [51.89467, 4.41281], [51.89646, 4.42614], [51.89740273617377, 4.460817447562738]], "Waterman": [[51.89740273617377, 4.460817447562738], [51.89088, 4.45489], [51.88317, 4.42577], [51.88369, 4.42461], [51.88418, 4.4224], [51.88503, 4.41729], [51.88494, 4.41412], [51.89283, 4.43676], [51.89740273617377, 4.460817447562738]]}}