{"OBJ": 97.62492843651879, "Solving_time": 14400.246000051498, "Routes": {"Watergeus": [["S21", "S31"], ["S22", "S23"], ["S23", "S21"], ["S25", "EDP1"], ["S27", "S37"], ["S30", "S22"], ["S31", "S25"], ["S32", "S33"], ["S33", "S36"], ["S35", "S38"], ["S36", "S35"], ["S37", "S30"], ["S38", "S27"], ["SDP1", "S32"]], "Waterbuffel": [["S2", "S19"], ["S5", "S16"], ["S13", "S17"], ["S15", "S24"], ["S16", "S2"], ["S17", "EDP2"], ["S19", "S15"], ["S20", "S5"], ["S24", "S28"], ["S28", "S34"], ["S34", "S13"], ["SDP2", "S20"]], "Waterval": [["S1", "S11"], ["S3", "SP2"], ["S4", "S6"], ["S6", "EDP2"], ["S8", "S4"], ["S9", "S3"], ["S11", "S26"], ["S14", "S1"], ["S26", "S9"], ["SDP2", "S14"], ["SP2", "S8"]], "Waterman": [["S7", "S29"], ["S10", "S18"], ["S12", "S7"], ["S18", "EDP2"], ["S29", "S10"], ["SDP2", "S12"]]}, "Flow": {"Watergeus": [["S21", "S31", 29.999999999995453], ["S22", "S23", 38.99999999999545], ["S23", "S21", 34.99999999999545], ["S25", "EDP1", 18.999999999995453], ["S27", "S37", 67.99999999918374], ["S30", "S22", 50.9999999991893], ["S31", "S25", 24.999999999995453], ["S32", "S33", 91.0], ["S33", "S36", 87.00000000000018], ["S35", "S38", 79.0000000000002], ["S36", "S35", 84.00000000000018], ["S37", "S30", 62.99999999918899], ["S38", "S27", 73.00000000000085], ["SDP1", "S32", 103.0]], "Waterbuffel": [["S2", "S19", 72.9999999990396], ["S5", "S16", 84.99999999999875], ["S13", "S17", 27.999999999039602], ["S15", "S24", 60.9999999990396], ["S16", "S2", 78.99999999954849], ["S17", "EDP2", 15.999999999039602], ["S19", "S15", 66.9999999990396], ["S20", "S5", 97.00000000000001], ["S24", "S28", 48.9999999990396], ["S28", "S34", 42.9999999990396], ["S34", "S13", 39.9999999990396], ["SDP2", "S20", 103.0]], "Waterval": [["S1", "S11", 59.000000000065796], ["S3", "SP2", 23.000000000000032], ["S4", "S6", 65.0], ["S6", "EDP2", 59.0], ["S8", "S4", 71.0], ["S9", "S3", 29.000000000000032], ["S11", "S26", 53.0], ["S14", "S1", 71.0], ["S26", "S9", 41.0], ["SDP2", "S14", 83.0], ["SP2", "S8", 83.0]], "Waterman": [["S7", "S29", 65.0], ["S10", "S18", 55.0], ["S12", "S7", 77.0], ["S18", "EDP2", 43.0], ["S29", "S10", 61.0], ["SDP2", "S12", 83.0]]}, "Ordered_routes": {"Watergeus": ["SDP1", "S32", "S33", "S36", "S35", "S38", "S27", "S37", "S30", "S22", "S23", "S21", "S31", "S25", "EDP1"], "Waterbuffel": ["SDP2", "S20", "S5", "S16", "S2", "S19", "S15", "S24", "S28", "S34", "S13", "S17", "EDP2"], "Waterval": ["SDP2", "S14", "S1", "S11", "S26", "S9", "S3", "SP2", "S8", "S4", "S6", "EDP2"], "Waterman": ["SDP2", "S12", "S7", "S29", "S10", "S18", "EDP2"]}, "Ordered_flow": {"Watergeus": [103, 91, 87, 84, 79, 73, 67, 62, 50, 38, 34, 29, 24, 18], "Waterbuffel": [103, 97, 84, 78, 72, 66, 60, 48, 42, 39, 27, 15], "Waterval": [83, 71, 59, 53, 41, 29, 23, 83, 71, 65, 59], "Waterman": [83, 77, 65, 61, 55, 43]}, "Ordered_AIS": {"Watergeus": [[51.96249648967369, 4.137689887873459], [51.95732, 4.14735], [51.95709, 4.14701], [51.93283, 4.18595], [51.93122, 4.19889], [51.92112, 4.21739], [51.91454, 4.2209], [51.89624, 4.23812], [51.87986, 4.24037], [51.8841, 4.23583], [51.9255, 4.17137], [51.93008, 4.16385], [51.93051, 4.16375], [51.9581, 4.00699], [51.96249648967369, 4.137689887873459]], "Waterbuffel": [[51.89740273617377, 4.460817447562738], [51.90892, 4.41577], [51.89744, 4.35852], [51.89169, 4.36698], [51.89119, 4.36704], [51.88931, 4.3678], [51.88831, 4.36745], [51.88669, 4.41043], [51.89066, 4.43443], [51.888, 4.43803], [51.8868, 4.44697], [51.88602, 4.45253], [51.89740273617377, 4.460817447562738]], "Waterval": [[51.89740273617377, 4.460817447562738], [51.88699, 4.35544], [51.87862, 4.30936], [51.88208, 4.27417], [51.87967, 4.24669], [51.88837, 4.27641], [51.88704, 4.31026], [51.889365439900516, 4.313357332833194], [51.88961, 4.31678], [51.88931, 4.31706], [51.88797, 4.31827], [51.89740273617377, 4.460817447562738]], "Waterman": [[51.89740273617377, 4.460817447562738], [51.89738, 4.48971], [51.90307, 4.53482], [51.9122, 4.49557], [51.91332, 4.48647], [51.91332, 4.48647], [51.89740273617377, 4.460817447562738]]}}