{"OBJ": 105.21393495786113, "Solving_time": 43200.891000032425, "Routes": {"Watergeus": [["S6", "S13"], ["S7", "EDP2"], ["S11", "S32"], ["S13", "S11"], ["S16", "S27"], ["S17", "S21"], ["S20", "S38"], ["S21", "S20"], ["S27", "S17"], ["S32", "S7"], ["S33", "S16"], ["S38", "S6"], ["S39", "S33"], ["SDP2", "S39"]], "Waterbuffel": [["S23", "S34"], ["S26", "S31"], ["S29", "EDP2"], ["S30", "S29"], ["S31", "S30"], ["S34", "S26"], ["SDP2", "S23"]], "Waterval": [["S1", "S36"], ["S2", "S42"], ["S4", "EDP2"], ["S5", "S2"], ["S12", "S37"], ["S22", "S12"], ["S28", "S35"], ["S35", "S1"], ["S36", "S43"], ["S37", "S40"], ["S40", "S28"], ["S41", "S22"], ["S42", "S4"], ["S43", "S5"], ["SDP2", "S41"]], "Waterman": [["S3", "S8"], ["S8", "S9"], ["S9", "S18"], ["S10", "S3"], ["S14", "S10"], ["S15", "S14"], ["S18", "S25"], ["S19", "S15"], ["S24", "SP1"], ["S25", "S24"], ["SDP1", "S19"], ["SP1", "EDP1"]]}, "Flow": {"Watergeus": [["S6", "S13", 57.99999999999872], ["S7", "EDP2", 36.99999999999075], ["S11", "S32", 45.99999999999602], ["S13", "S11", 51.999999999997165], ["S16", "S27", 89.00000000000242], ["S17", "S21", 79.00000000000563], ["S20", "S38", 69.0], ["S21", "S20", 75.00000000000865], ["S27", "S17", 83.00000000000351], ["S32", "S7", 39.99999999999414], ["S33", "S16", 93.00000000000108], ["S38", "S6", 62.99999999999897], ["S39", "S33", 98.0], ["SDP2", "S39", 103.0]], "Waterbuffel": [["S23", "S34", 97.0], ["S26", "S31", 84.9999999999967], ["S29", "EDP2", 71.0], ["S30", "S29", 74.99999999998417], ["S31", "S30", 78.9999999999932], ["S34", "S26", 90.99999999999778], ["SDP2", "S23", 103.0]], "Waterval": [["S1", "S36", 45.0], ["S2", "S42", 24.999925052238567], ["S4", "EDP2", 18.999999999993946], ["S5", "S2", 31.0], ["S12", "S37", 72.00000000000443], ["S22", "S12", 75.0], ["S28", "S35", 55.99999999999413], ["S35", "S1", 50.999999999990756], ["S36", "S43", 41.0], ["S37", "S40", 67.00000000000355], ["S40", "S28", 62.0], ["S41", "S22", 81.0], ["S42", "S4", 23.99999999999395], ["S43", "S5", 37.0], ["SDP2", "S41", 82.99992505366714]], "Waterman": [["S3", "S8", 55.0], ["S8", "S9", 51.0], ["S9", "S18", 45.0], ["S10", "S3", 59.0], ["S14", "S10", 65.00000000000259], ["S15", "S14", 71.0], ["S18", "S25", 35.0], ["S19", "S15", 77.0], ["S24", "SP1", 23.000000000000043], ["S25", "S24", 29.0], ["SDP1", "S19", 83.0], ["SP1", "EDP1", 83.0]]}, "Ordered_routes": {"Watergeus": ["SDP2", "S39", "S33", "S16", "S27", "S17", "S21", "S20", "S38", "S6", "S13", "S11", "S32", "S7", "EDP2"], "Waterbuffel": ["SDP2", "S23", "S34", "S26", "S31", "S30", "S29", "EDP2"], "Waterval": ["SDP2", "S41", "S22", "S12", "S37", "S40", "S28", "S35", "S1", "S36", "S43", "S5", "S2", "S42", "S4", "EDP2"], "Waterman": ["SDP1", "S19", "S15", "S14", "S10", "S3", "S8", "S9", "S18", "S25", "S24", "SP1", "EDP1"]}, "Ordered_flow": {"Watergeus": [103, 98, 93, 89, 83, 79, 75, 69, 62, 57, 51, 45, 39, 36], "Waterbuffel": [103, 97, 90, 84, 78, 74, 71], "Waterval": [82, 81, 75, 72, 67, 62, 55, 50, 45, 41, 37, 31, 24, 23, 18], "Waterman": [83, 77, 71, 65, 59, 55, 51, 45, 35, 29, 23, 83]}, "Ordered_AIS": {"Watergeus": [[51.89740273617377, 4.460817447562738], [51.87353, 4.30955], [51.87722, 4.29316], [51.88448, 4.2919], [51.88194, 4.27808], [51.88014, 4.26614], [51.89168, 4.27114], [51.89168, 4.27114], [51.89344, 4.23075], [51.92202, 4.21669], [51.93691, 4.18623], [51.95626, 4.14875], [51.95715, 4.14693], [51.9037, 4.35152], [51.89740273617377, 4.460817447562738]], "Waterbuffel": [[51.89740273617377, 4.460817447562738], [51.88646, 4.44987], [51.88082, 4.45037], [51.87966, 4.44603], [51.88031, 4.43964], [51.88414, 4.4343], [51.89479, 4.44937], [51.89740273617377, 4.460817447562738]], "Waterval": [[51.89740273617377, 4.460817447562738], [51.88983, 4.41476], [51.88589, 4.4135], [51.88568, 4.41062], [51.87881, 4.30975], [51.8805, 4.30837], [51.88881, 4.31737], [51.8894, 4.31695], [51.89737, 4.35824], [51.89428, 4.3788], [51.89423, 4.37901], [51.9116, 4.41389], [51.91224, 4.41459], [51.90544, 4.46479], [51.89945, 4.48686], [51.89740273617377, 4.460817447562738]], "Waterman": [[51.96249648967369, 4.137689887873459], [51.97117, 4.04382], [51.96745, 4.04293], [51.96767, 4.04184], [51.96995, 4.03281], [51.9593, 3.99551], [51.95407, 3.99414], [51.95259, 3.99285], [51.9574, 4.01285], [51.95771, 4.03565], [51.96246, 4.03899], [51.96249648967369, 4.137689887873459], [51.96249648967369, 4.137689887873459]]}}