{"OBJ": 93.49235652030306, "Solving_time": 21600.414000034332, "Routes": {"Watergeus": [["S5", "S32"], ["S6", "S16"], ["S7", "S8"], ["S8", "S10"], ["S10", "S6"], ["S16", "S5"], ["S21", "S7"], ["S24", "S31"], ["S31", "S21"], ["S32", "EDP2"], ["SDP2", "S24"]], "Waterbuffel": [["S1", "S30"], ["S2", "S11"], ["S3", "S48"], ["S4", "S2"], ["S11", "S22"], ["S19", "S28"], ["S20", "S3"], ["S22", "S39"], ["S23", "S43"], ["S28", "S1"], ["S29", "S19"], ["S30", "S23"], ["S39", "S20"], ["S42", "S49"], ["S43", "S4"], ["S48", "EDP2"], ["S49", "SP2"], ["SDP2", "S42"], ["SP2", "S29"]], "Waterval": [["S9", "S13"], ["S12", "S15"], ["S13", "S17"], ["S14", "S12"], ["S15", "S18"], ["S17", "S27"], ["S18", "S33"], ["S27", "S14"], ["S33", "EDP2"], ["S44", "S9"], ["SDP2", "S44"]], "Waterman": [["S25", "S45"], ["S26", "S34"], ["S34", "S35"], ["S35", "S41"], ["S36", "S47"], ["S37", "S38"], ["S38", "S25"], ["S40", "S26"], ["S41", "EDP1"], ["S45", "S46"], ["S46", "S40"], ["S47", "S37"], ["SDP1", "S36"]]}, "Flow": {"Watergeus": [["S5", "S32", 16.00000000047004], ["S6", "S16", 34.00000000047004], ["S7", "S8", 57.99999999999996], ["S8", "S10", 46.00000000047004], ["S10", "S6", 40.00000000047004], ["S16", "S5", 28.00000000047004], ["S21", "S7", 70.00000000047004], ["S24", "S31", 91.0], ["S31", "S21", 79.00000000046936], ["S32", "EDP2", 4.000000000470038], ["SDP2", "S24", 103.0]], "Waterbuffel": [["S1", "S30", 77.0], ["S2", "S11", 50.99999999999997], ["S3", "S48", 15.999999999999542], ["S4", "S2", 57.0], ["S11", "S22", 45.00000000000004], ["S19", "S28", 86.00000000000327], ["S20", "S3", 27.999999999999545], ["S22", "S39", 39.00000000000007], ["S23", "S43", 69.0], ["S28", "S1", 82.00000000000327], ["S29", "S19", 91.00000000000004], ["S30", "S23", 74.00000000000003], ["S39", "S20", 33.999999999999545], ["S42", "S49", 97.99999999999999], ["S43", "S4", 63.000000000000085], ["S48", "EDP2", 10.999999999999531], ["S49", "SP2", 87.00000000000051], ["SDP2", "S42", 103.0], ["SP2", "S29", 103.0]], "Waterval": [["S9", "S13", 65.0], ["S12", "S15", 29.00000000000285], ["S13", "S17", 59.00000000000034], ["S14", "S12", 35.000000000002665], ["S15", "S18", 17.00000000000285], ["S17", "S27", 53.00000000000058], ["S18", "S33", 11.000000000000341], ["S27", "S14", 41.00000000000058], ["S33", "EDP2", 5.000000000000341], ["S44", "S9", 77.0], ["SDP2", "S44", 83.0]], "Waterman": [["S25", "S45", 46.000000000000306], ["S26", "S34", 16.000000000000018], ["S34", "S35", 10.000000000000004], ["S35", "S41", 4.0000000000000036], ["S36", "S47", 71.0], ["S37", "S38", 53.0], ["S38", "S25", 47.000000000000085], ["S40", "S26", 22.000000000000018], ["S41", "EDP1", 0.0], ["S45", "S46", 39.99999999999999], ["S46", "S40", 28.000000000000018], ["S47", "S37", 59.0], ["SDP1", "S36", 83.0]]}, "Ordered_routes": {"Watergeus": ["SDP2", "S24", "S31", "S21", "S7", "S8", "S10", "S6", "S16", "S5", "S32", "EDP2"], "Waterbuffel": ["SDP2", "S42", "S49", "SP2", "S29", "S19", "S28", "S1", "S30", "S23", "S43", "S4", "S2", "S11", "S22", "S39", "S20", "S3", "S48", "EDP2"], "Waterval": ["SDP2", "S44", "S9", "S13", "S17", "S27", "S14", "S12", "S15", "S18", "S33", "EDP2"], "Waterman": ["SDP1", "S36", "S47", "S37", "S38", "S25", "S45", "S46", "S40", "S26", "S34", "S35", "S41", "EDP1"]}, "Ordered_flow": {"Watergeus": [103, 91, 79, 70, 57, 46, 40, 34, 28, 16, 4], "Waterbuffel": [103, 97, 87, 103, 91, 86, 82, 77, 74, 69, 63, 57, 50, 45, 39, 33, 27, 15, 10], "Waterval": [83, 77, 65, 59, 53, 41, 35, 29, 17, 11, 5], "Waterman": [83, 71, 59, 53, 47, 46, 39, 28, 22, 16, 10, 4, 0]}, "Ordered_AIS": {"Watergeus": [[51.89740273617377, 4.460817447562738], [51.91332, 4.48647], [51.90282, 4.56829], [51.90076, 4.49324], [51.89779, 4.48862], [51.89924, 4.48659], [51.89801, 4.48236], [51.89678, 4.48114], [51.8967, 4.47967], [51.89449, 4.47617], [51.89118, 4.44935], [51.89740273617377, 4.460817447562738]], "Waterbuffel": [[51.89740273617377, 4.460817447562738], [51.88815, 4.36907], [51.88985, 4.31605], [51.889365439900516, 4.313357332833194], [51.92115, 4.21802], [51.89119, 4.2737], [51.89119, 4.2737], [51.89119, 4.2737], [51.88419, 4.27355], [51.8758, 4.27338], [51.87512, 4.27326], [51.88255, 4.27851], [51.88442, 4.29141], [51.88449, 4.29192], [51.87944, 4.30965], [51.87881, 4.30975], [51.87687, 4.31137], [51.87299, 4.31066], [51.8714, 4.31155], [51.89740273617377, 4.460817447562738]], "Waterval": [[51.89740273617377, 4.460817447562738], [51.89646, 4.42614], [51.91152, 4.41806], [51.89231, 4.40288], [51.87779, 4.42439], [51.88056, 4.4369], [51.87956, 4.44474], [51.88139, 4.44899], [51.88633, 4.4501], [51.88544, 4.45559], [51.88818, 4.45285], [51.89740273617377, 4.460817447562738]], "Waterman": [[51.96249648967369, 4.137689887873459], [51.95555, 4.15014], [51.9635, 4.02797], [51.98115, 3.9996], [51.97628, 4.02729], [51.9752, 4.0265], [51.97512, 4.02683], [51.96941, 4.03447], [51.96864, 4.03771], [51.96802, 4.04033], [51.96745, 4.04293], [51.96681, 4.04308], [51.97294, 4.13193], [51.96249648967369, 4.137689887873459]]}}