{"OBJ": 99.50078919628334, "Solving_time": 14400.302999973297, "Routes": {"Watergeus": [["S12", "S34"], ["S14", "S20"], ["S15", "S39"], ["S20", "S12"], ["S22", "S33"], ["S23", "S14"], ["S33", "S15"], ["S34", "EDP1"], ["S38", "S22"], ["S39", "S42"], ["S42", "S23"], ["SDP1", "S38"]], "Waterbuffel": [["S2", "EDP2"], ["S5", "S2"], ["S8", "S5"], ["S17", "S18"], ["S18", "S32"], ["S21", "S27"], ["S24", "S8"], ["S25", "S29"], ["S27", "S25"], ["S28", "S24"], ["S29", "S28"], ["S32", "S21"], ["SDP2", "S17"]], "Waterval": [["S4", "EDP2"], ["S10", "S40"], ["S11", "S19"], ["S13", "S10"], ["S19", "S13"], ["S26", "S36"], ["S30", "S31"], ["S31", "S35"], ["S35", "S37"], ["S36", "S41"], ["S37", "S26"], ["S40", "S30"], ["S41", "S4"], ["SDP2", "S11"]], "Waterman": [["S1", "S9"], ["S3", "S16"], ["S6", "S1"], ["S7", "S3"], ["S9", "S7"], ["S16", "EDP2"], ["SDP2", "S6"]]}, "Flow": {"Watergeus": [["S12", "S34", 48.0], ["S14", "S20", 59.0], ["S15", "S39", 81.0], ["S20", "S12", 54.0], ["S22", "S33", 93.0], ["S23", "S14", 65.0], ["S33", "S15", 87.0], ["S34", "EDP1", 42.0], ["S38", "S22", 99.0], ["S39", "S42", 75.0], ["S42", "S23", 69.0], ["SDP1", "S38", 103.0]], "Waterbuffel": [["S2", "EDP2", 37.0], ["S5", "S2", 43.0], ["S8", "S5", 49.0], ["S17", "S18", 97.0], ["S18", "S32", 91.0], ["S21", "S27", 79.0], ["S24", "S8", 53.0], ["S25", "S29", 67.0], ["S27", "S25", 73.0], ["S28", "S24", 58.0], ["S29", "S28", 61.0], ["S32", "S21", 85.0], ["SDP2", "S17", 103.0]], "Waterval": [["S4", "EDP2", 20.000073544331947], ["S10", "S40", 67.00000000002821], ["S11", "S19", 80.00000000005534], ["S13", "S10", 69.00000000002822], ["S19", "S13", 74.00000000002771], ["S26", "S36", 38.000073544331954], ["S30", "S31", 60.000073544331954], ["S31", "S35", 54.000073544331954], ["S35", "S37", 50.000073544331954], ["S36", "S41", 32.000073544331954], ["S37", "S26", 44.000073544331954], ["S40", "S30", 66.00007354433195], ["S41", "S4", 26.000073544331954], ["SDP2", "S11", 83.0]], "Waterman": [["S1", "S9", 72.0], ["S3", "S16", 53.999999999999424], ["S6", "S1", 78.00000000000003], ["S7", "S3", 59.9999999999719], ["S9", "S7", 65.99999999997199], ["S16", "EDP2", 49.99999999997181], ["SDP2", "S6", 83.0]]}, "Ordered_routes": {"Watergeus": ["SDP1", "S38", "S22", "S33", "S15", "S39", "S42", "S23", "S14", "S20", "S12", "S34", "EDP1"], "Waterbuffel": ["SDP2", "S17", "S18", "S32", "S21", "S27", "S25", "S29", "S28", "S24", "S8", "S5", "S2", "EDP2"], "Waterval": ["SDP2", "S11", "S19", "S13", "S10", "S40", "S30", "S31", "S35", "S37", "S26", "S36", "S41", "S4", "EDP2"], "Waterman": ["SDP2", "S6", "S1", "S9", "S7", "S3", "S16", "EDP2"]}, "Ordered_flow": {"Watergeus": [103, 99, 93, 87, 81, 75, 69, 65, 59, 54, 48, 42], "Waterbuffel": [103, 97, 91, 85, 79, 73, 67, 61, 58, 53, 49, 43, 37], "Waterval": [83, 80, 74, 69, 67, 66, 60, 54, 50, 44, 38, 32, 26, 20], "Waterman": [83, 78, 72, 65, 59, 53, 49]}, "Ordered_AIS": {"Watergeus": [[51.96249648967369, 4.137689887873459], [51.95743, 4.14647], [51.95661, 4.1492], [51.93428, 4.15006], [51.94409, 4.04374], [51.93868, 4.03433], [51.94468, 4.03016], [51.94468, 4.03016], [51.95768, 4.03557], [51.95962, 4.03336], [51.95898, 4.05177], [51.96068, 4.10749], [51.96249648967369, 4.137689887873459]], "Waterbuffel": [[51.89740273617377, 4.460817447562738], [51.89105, 4.40898], [51.89112, 4.40878], [51.88815, 4.36907], [51.87872, 4.30286], [51.87628, 4.29245], [51.88472, 4.29147], [51.88791, 4.31821], [51.88677, 4.31937], [51.89077, 4.36689], [51.91, 4.41644], [51.9107, 4.41735], [51.91178, 4.4172], [51.89740273617377, 4.460817447562738]], "Waterval": [[51.89740273617377, 4.460817447562738], [51.88981, 4.41459], [51.89024, 4.4128], [51.89032, 4.41215], [51.8919, 4.40516], [51.89552, 4.27478], [51.88773, 4.27363], [51.87974, 4.2689], [51.87921, 4.24873], [51.87986, 4.24037], [51.91657, 4.20578], [51.92815, 4.16944], [51.93122, 4.19793], [51.91022, 4.41452], [51.89740273617377, 4.460817447562738]], "Waterman": [[51.89740273617377, 4.460817447562738], [51.88028, 4.43986], [51.88282, 4.42676], [51.88517, 4.41726], [51.88505, 4.41718], [51.88531, 4.41619], [51.88886, 4.41727], [51.89740273617377, 4.460817447562738]]}}