{"OBJ": 103.93887950541377, "Solving_time": 43201.21600008011, "Routes": {"Watergeus": [["S2", "S6"], ["S6", "S7"], ["S7", "S14"], ["S8", "S2"], ["S12", "SP1"], ["S14", "S20"], ["S15", "S8"], ["S19", "S12"], ["S20", "S19"], ["SDP1", "S15"], ["SP1", "EDP1"]], "Waterbuffel": [["S9", "S11"], ["S10", "EDP2"], ["S11", "S33"], ["S13", "S22"], ["S16", "S17"], ["S17", "S13"], ["S22", "S28"], ["S27", "S9"], ["S28", "S34"], ["S33", "S16"], ["S34", "S10"], ["SDP2", "S27"]], "Waterval": [["S18", "S29"], ["S21", "S26"], ["S25", "EDP2"], ["S26", "S25"], ["S29", "S21"], ["SDP2", "S18"]], "Waterman": [["S1", "S32"], ["S3", "EDP2"], ["S4", "S37"], ["S5", "S4"], ["S23", "S30"], ["S24", "S36"], ["S30", "S5"], ["S31", "S1"], ["S32", "S35"], ["S35", "S23"], ["S36", "S31"], ["S37", "S3"], ["SDP2", "S24"]]}, "Flow": {"Watergeus": [["S2", "S6", 81.00000000000004], ["S6", "S7", 74.00000000000017], ["S7", "S14", 68.00000000000018], ["S8", "S2", 85.00000000000003], ["S12", "SP1", 40.00000000000101], ["S14", "S20", 58.0000000000005], ["S15", "S8", 91.0], ["S19", "S12", 46.00000000000101], ["S20", "S19", 52.00000000000053], ["SDP1", "S15", 103.0], ["SP1", "EDP1", 103.0]], "Waterbuffel": [["S9", "S11", 91.0], ["S10", "EDP2", 39.99999999999929], ["S11", "S33", 85.0], ["S13", "S22", 58.999999999997], ["S16", "S17", 66.999999999997], ["S17", "S13", 62.999999999997], ["S22", "S28", 52.999999999997], ["S27", "S9", 97.00000000000414], ["S28", "S34", 47.999999999997], ["S33", "S16", 72.99999999999707], ["S34", "S10", 42.9999999999985], ["SDP2", "S27", 103.0]], "Waterval": [["S18", "S29", 77.00000000060672], ["S21", "S26", 65.00000000060672], ["S25", "EDP2", 55.00000000060672], ["S26", "S25", 59.00000000060672], ["S29", "S21", 71.00000000060672], ["SDP2", "S18", 83.0]], "Waterman": [["S1", "S32", 60.999939000021556], ["S3", "EDP2", 25.000000000007816], ["S4", "S37", 31.000000000007816], ["S5", "S4", 37.000000000007816], ["S23", "S30", 44.99993900002937], ["S24", "S36", 78.99999999939328], ["S30", "S5", 39.99993900002937], ["S31", "S1", 66.99999999939249], ["S32", "S35", 55.999939000021556], ["S35", "S23", 50.99993900002937], ["S36", "S31", 76.99999999939249], ["S37", "S3", 30.000000000007816], ["SDP2", "S24", 83.0]]}, "Ordered_routes": {"Watergeus": ["SDP1", "S15", "S8", "S2", "S6", "S7", "S14", "S20", "S19", "S12", "SP1", "EDP1"], "Waterbuffel": ["SDP2", "S27", "S9", "S11", "S33", "S16", "S17", "S13", "S22", "S28", "S34", "S10", "EDP2"], "Waterval": ["SDP2", "S18", "S29", "S21", "S26", "S25", "EDP2"], "Waterman": ["SDP2", "S24", "S36", "S31", "S1", "S32", "S35", "S23", "S30", "S5", "S4", "S37", "S3", "EDP2"]}, "Ordered_flow": {"Watergeus": [103, 91, 85, 81, 74, 68, 58, 52, 46, 40, 103], "Waterbuffel": [103, 97, 91, 85, 72, 66, 62, 58, 52, 47, 42, 39], "Waterval": [83, 77, 71, 65, 59, 55], "Waterman": [83, 78, 76, 66, 60, 55, 50, 44, 39, 37, 31, 30, 25]}, "Ordered_AIS": {"Watergeus": [[51.96249648967369, 4.137689887873459], [51.97117, 4.04382], [51.96995, 4.03281], [51.9593, 3.99551], [51.95407, 3.99414], [51.95259, 3.99285], [51.9574, 4.01285], [51.95771, 4.03565], [51.96246, 4.03899], [51.96745, 4.04293], [51.96249648967369, 4.137689887873459], [51.96249648967369, 4.137689887873459]], "Waterbuffel": [[51.89740273617377, 4.460817447562738], [51.95715, 4.14693], [51.95626, 4.14875], [51.93691, 4.18623], [51.89344, 4.23075], [51.89168, 4.27114], [51.89168, 4.27114], [51.88014, 4.26614], [51.88194, 4.27808], [51.87722, 4.29316], [51.87353, 4.30955], [51.88568, 4.41062], [51.89740273617377, 4.460817447562738]], "Waterval": [[51.89740273617377, 4.460817447562738], [51.88646, 4.44987], [51.88082, 4.45037], [51.87966, 4.44603], [51.88031, 4.43964], [51.88414, 4.4343], [51.89740273617377, 4.460817447562738]], "Waterman": [[51.89740273617377, 4.460817447562738], [51.89479, 4.44937], [51.88983, 4.41476], [51.89428, 4.3788], [51.89737, 4.35824], [51.87881, 4.30975], [51.8805, 4.30837], [51.88881, 4.31737], [51.8894, 4.31695], [51.9037, 4.35152], [51.9116, 4.41389], [51.90544, 4.46479], [51.89945, 4.48686], [51.89740273617377, 4.460817447562738]]}}