{"OBJ": 104.91244731545369, "Solving_time": 43200.22600007057, "Routes": {"Watergeus": [["S23", "S37"], ["S27", "S38"], ["S32", "S60"], ["S34", "S53"], ["S35", "S49"], ["S37", "S27"], ["S38", "S67"], ["S41", "S51"], ["S43", "S35"], ["S44", "S32"], ["S46", "S47"], ["S47", "S56"], ["S49", "S44"], ["S51", "EDP2"], ["S53", "S41"], ["S56", "S34"], ["S59", "S43"], ["S60", "S46"], ["S61", "SP3"], ["S62", "S63"], ["S63", "S61"], ["S67", "S62"], ["SDP2", "S23"], ["SP3", "S59"]], "Waterbuffel": [["S1", "S16"], ["S3", "S17"], ["S6", "S9"], ["S7", "S6"], ["S9", "S21"], ["S13", "S39"], ["S16", "EDP2"], ["S17", "S22"], ["S18", "S20"], ["S19", "S33"], ["S20", "S19"], ["S21", "S1"], ["S22", "S31"], ["S31", "S13"], ["S33", "S7"], ["S39", "S18"], ["SDP2", "S3"]], "Waterval": [["S4", "S10"], ["S5", "S24"], ["S8", "S11"], ["S10", "S57"], ["S11", "S12"], ["S12", "S5"], ["S24", "S25"], ["S25", "S4"], ["S30", "EDP2"], ["S45", "S55"], ["S55", "S58"], ["S57", "S45"], ["S58", "S30"], ["SDP2", "S8"]], "Waterman": [["S2", "S52"], ["S14", "S26"], ["S15", "S40"], ["S26", "S2"], ["S28", "S14"], ["S29", "S65"], ["S36", "S54"], ["S40", "S36"], ["S42", "S48"], ["S48", "S29"], ["S50", "EDP1"], ["S52", "SP1"], ["S54", "S28"], ["S64", "S68"], ["S65", "S64"], ["S66", "S50"], ["S68", "S66"], ["SDP1", "S15"], ["SP1", "S42"]]}, "Flow": {"Watergeus": [["S23", "S37", 100.0], ["S27", "S38", 93.0], ["S32", "S60", 68.0], ["S34", "S53", 42.0], ["S35", "S49", 86.0], ["S37", "S27", 97.0], ["S38", "S67", 89.0], ["S41", "S51", 30.0], ["S43", "S35", 92.0], ["S44", "S32", 74.0], ["S46", "S47", 60.0], ["S47", "S56", 54.0], ["S49", "S44", 80.0], ["S51", "EDP2", 24.0], ["S53", "S41", 36.0], ["S56", "S34", 48.0], ["S59", "S43", 97.0], ["S60", "S46", 62.0], ["S61", "SP3", 71.0], ["S62", "S63", 79.0], ["S63", "S61", 75.0], ["S67", "S62", 85.0], ["SDP2", "S23", 103.0], ["SP3", "S59", 103.0]], "Waterbuffel": [["S1", "S16", 12.9999999999811], ["S3", "S17", 97.0], ["S6", "S9", 30.999999999993292], ["S7", "S6", 37.0], ["S9", "S21", 24.999999999991672], ["S13", "S39", 73.00000000001468], ["S16", "EDP2", 6.999999999982137], ["S17", "S22", 91.00000000000571], ["S18", "S20", 61.000000000023824], ["S19", "S33", 49.00000000002523], ["S20", "S19", 55.000000000024336], ["S21", "S1", 18.99999999998883], ["S22", "S31", 85.00000000001236], ["S31", "S13", 79.00000000001353], ["S33", "S7", 43.00000000002581], ["S39", "S18", 67.00000000001657], ["SDP2", "S3", 103.0]], "Waterval": [["S4", "S10", 40.999999999981696], ["S5", "S24", 58.9999999999887], ["S8", "S11", 76.99999999999694], ["S10", "S57", 34.999999999977156], ["S11", "S12", 70.99999999999285], ["S12", "S5", 64.99999999999012], ["S24", "S25", 52.999999999987516], ["S25", "S4", 46.99999999998693], ["S30", "EDP2", 4.999999999962917], ["S45", "S55", 22.999999999970257], ["S55", "S58", 16.9999999999688], ["S57", "S45", 28.99999999997494], ["S58", "S30", 10.999999999966485], ["SDP2", "S8", 83.0]], "Waterman": [["S2", "S52", 38.99999999999713], ["S14", "S26", 48.99999999999713], ["S15", "S40", 76.99999999999963], ["S26", "S2", 43.99999999999713], ["S28", "S14", 52.99999999999713], ["S29", "S65", 66.9999332048235], ["S36", "S54", 64.99999999999713], ["S40", "S36", 71.0], ["S42", "S48", 76.99993320482348], ["S48", "S29", 71.9999332048235], ["S50", "EDP1", 38.99993320482358], ["S52", "SP1", 32.99999479518116], ["S54", "S28", 58.99999999999713], ["S64", "S68", 55.999933204823506], ["S65", "S64", 61.999933204823506], ["S66", "S50", 44.99993320482358], ["S68", "S66", 49.99993320482358], ["SDP1", "S15", 83.0], ["SP1", "S42", 82.99992800125464]]}, "Ordered_routes": {"Watergeus": ["SDP2", "S23", "S37", "S27", "S38", "S67", "S62", "S63", "S61", "SP3", "S59", "S43", "S35", "S49", "S44", "S32", "S60", "S46", "S47", "S56", "S34", "S53", "S41", "S51", "EDP2"], "Waterbuffel": ["SDP2", "S3", "S17", "S22", "S31", "S13", "S39", "S18", "S20", "S19", "S33", "S7", "S6", "S9", "S21", "S1", "S16", "EDP2"], "Waterval": ["SDP2", "S8", "S11", "S12", "S5", "S24", "S25", "S4", "S10", "S57", "S45", "S55", "S58", "S30", "EDP2"], "Waterman": ["SDP1", "S15", "S40", "S36", "S54", "S28", "S14", "S26", "S2", "S52", "SP1", "S42", "S48", "S29", "S65", "S64", "S68", "S66", "S50", "EDP1"]}, "Ordered_flow": {"Watergeus": [103, 100, 97, 93, 89, 85, 79, 75, 71, 103, 97, 92, 86, 80, 74, 68, 62, 60, 54, 48, 42, 36, 30, 24], "Waterbuffel": [103, 97, 91, 85, 79, 73, 67, 61, 55, 49, 43, 37, 30, 24, 18, 12, 6], "Waterval": [83, 76, 70, 64, 58, 52, 46, 40, 34, 28, 22, 16, 10, 4], "Waterman": [83, 76, 71, 64, 58, 52, 48, 43, 38, 32, 82, 76, 71, 66, 61, 55, 49, 44, 38]}, "Ordered_AIS": {"Watergeus": [[51.89740273617377, 4.460817447562738], [51.89449, 4.47617], [51.89693, 4.47904], [51.89724, 4.48142], [51.89823, 4.48199], [51.90328, 4.53565], [51.91231, 4.49577], [51.9122, 4.49557], [51.91219, 4.49557], [51.89765499630826, 4.459774551250766], [51.89017, 4.36748], [51.88447, 4.30666], [51.88499, 4.29254], [51.89399, 4.27525], [51.89481, 4.27339], [51.89119, 4.2737], [51.89119, 4.2737], [51.88174, 4.27327], [51.87948, 4.27631], [51.87551, 4.27523], [51.87829, 4.29306], [51.87635, 4.2928], [51.87304, 4.31013], [51.8858, 4.41387], [51.89740273617377, 4.460817447562738]], "Waterbuffel": [[51.89740273617377, 4.460817447562738], [51.88287, 4.45473], [51.88333, 4.45157], [51.88692, 4.44705], [51.8804, 4.43734], [51.88047, 4.43716], [51.87859, 4.4251], [51.87998, 4.40264], [51.88089, 4.39611], [51.8914, 4.40474], [51.89143, 4.40488], [51.9083, 4.41609], [51.90876, 4.41585], [51.90839, 4.41824], [51.89672, 4.43121], [51.89185, 4.43259], [51.89232, 4.435], [51.89740273617377, 4.460817447562738]], "Waterval": [[51.89740273617377, 4.460817447562738], [51.91176, 4.42314], [51.91176, 4.42314], [51.91176, 4.42314], [51.91231, 4.41772], [51.91207, 4.41748], [51.91262, 4.41538], [51.91181, 4.41406], [51.9118, 4.41405], [51.90362, 4.35126], [51.90319, 4.35131], [51.90334, 4.35174], [51.89415, 4.37956], [51.89687, 4.43353], [51.89740273617377, 4.460817447562738]], "Waterman": [[51.96249648967369, 4.137689887873459], [51.97123, 4.04457], [51.9674, 4.04307], [51.96727, 4.04216], [51.96712, 4.04195], [51.97736, 4.02294], [51.94468, 4.03016], [51.94488, 4.03271], [51.94675, 4.04169], [51.9444, 4.0458], [51.96249648967369, 4.137689887873459], [51.95957, 4.14271], [51.95683, 4.14769], [51.941, 4.16428], [51.94053, 4.17114], [51.93551, 4.18289], [51.92198, 4.21828], [51.95628, 4.14911], [51.95704, 4.14831], [51.96249648967369, 4.137689887873459]]}}