{"OBJ": 105.01746385895468, "Solving_time": 43200.60199999809, "Routes": {"Watergeus": [["S3", "S9"], ["S4", "S23"], ["S5", "S6"], ["S6", "S8"], ["S7", "S10"], ["S8", "EDP2"], ["S9", "S5"], ["S10", "S4"], ["S11", "S7"], ["S23", "S24"], ["S24", "S3"], ["SDP2", "S11"]], "Waterbuffel": [["S1", "S15"], ["S15", "EDP2"], ["S18", "S30"], ["S20", "S50"], ["S29", "S41"], ["S30", "S1"], ["S31", "S48"], ["S32", "S29"], ["S37", "SP2"], ["S39", "S32"], ["S41", "S42"], ["S42", "S51"], ["S48", "S37"], ["S50", "S52"], ["S51", "S31"], ["S52", "S39"], ["S53", "S18"], ["S54", "S53"], ["SDP2", "S20"], ["SP2", "S54"]], "Waterval": [["S13", "S26"], ["S14", "SP1"], ["S25", "S13"], ["S26", "S49"], ["S27", "S55"], ["S33", "S36"], ["S36", "S14"], ["S38", "S43"], ["S40", "S63"], ["S43", "S27"], ["S44", "S40"], ["S45", "EDP1"], ["S47", "S25"], ["S49", "S33"], ["S55", "S44"], ["S59", "S60"], ["S60", "S61"], ["S61", "S45"], ["S63", "S59"], ["SDP1", "S47"], ["SP1", "S38"]], "Waterman": [["S2", "EDP2"], ["S12", "S28"], ["S16", "S2"], ["S17", "S12"], ["S19", "S17"], ["S21", "S46"], ["S22", "S34"], ["S28", "S16"], ["S34", "S35"], ["S35", "S62"], ["S46", "S19"], ["S56", "SP3"], ["S57", "S58"], ["S58", "S56"], ["S62", "S57"], ["SDP2", "S22"], ["SP3", "S21"]]}, "Flow": {"Watergeus": [["S3", "S9", 49.00000000005983], ["S4", "S23", 67.00000000004536], ["S5", "S6", 33.00000000006981], ["S6", "S8", 27.000000000073538], ["S7", "S10", 85.00000000002484], ["S8", "EDP2", 21.00000000008218], ["S9", "S5", 43.00000000006483], ["S10", "S4", 79.00000000003637], ["S11", "S7", 91.00000000001327], ["S23", "S24", 61.000000000049994], ["S24", "S3", 55.00000000005575], ["SDP2", "S11", 103.0]], "Waterbuffel": [["S1", "S15", 62.0], ["S15", "EDP2", 55.99999999999721], ["S18", "S30", 80.00000000000168], ["S20", "S50", 97.00000000001393], ["S29", "S41", 56.0], ["S30", "S1", 74.00000000000662], ["S31", "S48", 29.999999999996064], ["S32", "S29", 68.00000000002444], ["S37", "SP2", 17.999999999991445], ["S39", "S32", 80.00000000002228], ["S41", "S42", 53.999999999998884], ["S42", "S51", 47.999999999998884], ["S48", "S37", 23.99999999999568], ["S50", "S52", 91.00000000001762], ["S51", "S31", 41.99999999999688], ["S52", "S39", 85.00000000002059], ["S53", "S18", 85.99999999999693], ["S54", "S53", 97.0], ["SDP2", "S20", 103.0], ["SP2", "S54", 103.0]], "Waterval": [["S13", "S26", 68.00000000000009], ["S14", "SP1", 25.999999520830357], ["S25", "S13", 72.00000000000004], ["S26", "S49", 62.00000000000017], ["S27", "S55", 62.99991706596282], ["S33", "S36", 37.99999999974486], ["S36", "S14", 31.99999999974486], ["S38", "S43", 76.99999385065632], ["S40", "S63", 44.99991706596282], ["S43", "S27", 71.99999385065632], ["S44", "S40", 50.99991706596282], ["S45", "EDP1", 10.999993850656324], ["S47", "S25", 77.0], ["S49", "S33", 50.0], ["S55", "S44", 56.99991706596282], ["S59", "S60", 32.999993850656324], ["S60", "S61", 27.999993850656324], ["S61", "S45", 22.999993850656324], ["S63", "S59", 38.999993850656324], ["SDP1", "S47", 83.0], ["SP1", "S38", 82.99999362630922]], "Waterman": [["S2", "EDP2", 10.999999999971667], ["S12", "S28", 34.9999999999866], ["S16", "S2", 22.99999999997523], ["S17", "S12", 40.99999999999153], ["S19", "S17", 52.999999999995765], ["S21", "S46", 76.99999999998683], ["S22", "S34", 80.00000000000335], ["S28", "S16", 28.999999999979213], ["S34", "S35", 77.00000000000465], ["S35", "S62", 73.00000000000725], ["S46", "S19", 65.0], ["S56", "SP3", 55.000000000027924], ["S57", "S58", 63.00000000001182], ["S58", "S56", 59.000000000018446], ["S62", "S57", 69.00000000000821], ["SDP2", "S22", 83.0], ["SP3", "S21", 83.0]]}, "Ordered_routes": {"Watergeus": ["SDP2", "S11", "S7", "S10", "S4", "S23", "S24", "S3", "S9", "S5", "S6", "S8", "EDP2"], "Waterbuffel": ["SDP2", "S20", "S50", "S52", "S39", "S32", "S29", "S41", "S42", "S51", "S31", "S48", "S37", "SP2", "S54", "S53", "S18", "S30", "S1", "S15", "EDP2"], "Waterval": ["SDP1", "S47", "S25", "S13", "S26", "S49", "S33", "S36", "S14", "SP1", "S38", "S43", "S27", "S55", "S44", "S40", "S63", "S59", "S60", "S61", "S45", "EDP1"], "Waterman": ["SDP2", "S22", "S34", "S35", "S62", "S57", "S58", "S56", "SP3", "S21", "S46", "S19", "S17", "S12", "S28", "S16", "S2", "EDP2"]}, "Ordered_flow": {"Watergeus": [103, 91, 85, 79, 67, 61, 55, 49, 43, 33, 27, 21], "Waterbuffel": [103, 97, 91, 85, 80, 68, 56, 53, 47, 41, 29, 23, 17, 103, 97, 85, 80, 74, 62, 55], "Waterval": [83, 77, 72, 68, 62, 50, 37, 31, 25, 82, 76, 71, 62, 56, 50, 44, 38, 32, 27, 22, 10], "Waterman": [83, 80, 77, 73, 69, 63, 59, 55, 83, 76, 65, 52, 40, 34, 28, 22, 10]}, "Ordered_AIS": {"Watergeus": [[51.89740273617377, 4.460817447562738], [51.91176, 4.42314], [51.91176, 4.42314], [51.91176, 4.42314], [51.91231, 4.41772], [51.91207, 4.41748], [51.91262, 4.41538], [51.91181, 4.41406], [51.9118, 4.41405], [51.90876, 4.41585], [51.9083, 4.41609], [51.90839, 4.41824], [51.89740273617377, 4.460817447562738]], "Waterbuffel": [[51.89740273617377, 4.460817447562738], [51.89672, 4.43121], [51.90334, 4.35174], [51.90362, 4.35126], [51.88447, 4.30666], [51.88499, 4.29254], [51.89119, 4.2737], [51.88174, 4.27327], [51.87948, 4.27631], [51.87551, 4.27523], [51.87829, 4.29306], [51.87635, 4.2928], [51.87304, 4.31013], [51.889365439900516, 4.313357332833194], [51.89017, 4.36748], [51.89415, 4.37956], [51.8914, 4.40474], [51.89143, 4.40488], [51.89185, 4.43259], [51.89232, 4.435], [51.89740273617377, 4.460817447562738]], "Waterval": [[51.96249648967369, 4.137689887873459], [51.9444, 4.0458], [51.94488, 4.03271], [51.94468, 4.03016], [51.97736, 4.02294], [51.96712, 4.04195], [51.96727, 4.04216], [51.9674, 4.04307], [51.97123, 4.04457], [51.96249648967369, 4.137689887873459], [51.95957, 4.14271], [51.95683, 4.14769], [51.941, 4.16428], [51.89119, 4.2737], [51.89399, 4.27525], [51.89481, 4.27339], [51.92198, 4.21828], [51.93551, 4.18289], [51.94053, 4.17114], [51.95628, 4.14911], [51.95704, 4.14831], [51.96249648967369, 4.137689887873459]], "Waterman": [[51.89740273617377, 4.460817447562738], [51.89449, 4.47617], [51.89693, 4.47904], [51.89823, 4.48199], [51.90328, 4.53565], [51.91231, 4.49577], [51.9122, 4.49557], [51.91219, 4.49557], [51.89765499630826, 4.459774551250766], [51.88692, 4.44705], [51.8858, 4.41387], [51.88089, 4.39611], [51.87998, 4.40264], [51.88047, 4.43716], [51.8804, 4.43734], [51.88333, 4.45157], [51.88287, 4.45473], [51.89740273617377, 4.460817447562738]]}}